srcStateName,srcYear,Base Year - 2011-12,Price type,Net State Domestic Product ( NSDP ) at factor cost for the base year 2011-12,YearCode,Year
PUNJAB,2011-12,2011-12,Constant Price,226372.95,2011,"Financial Year (Apr - Mar), 2011"
TELANGANA,2011-12,2011-12,Constant Price,301755.34,2011,"Financial Year (Apr - Mar), 2011"
WEST BENGAL,2011-12,2011-12,Constant Price,451189.0,2011,"Financial Year (Apr - Mar), 2011"
HARYANA,2011-12,2011-12,Current Price,247688.5893,2011,"Financial Year (Apr - Mar), 2011"
JAMMU & KASHMIR,2011-12,2011-12,Constant Price,63779.2679,2011,"Financial Year (Apr - Mar), 2011"
ORISSA,2011-12,2011-12,Constant Price,193470.5645,2011,"Financial Year (Apr - Mar), 2011"
HIMACHAL PRADESH,2011-12,2011-12,Constant Price,57219.1998,2011,"Financial Year (Apr - Mar), 2011"
HARYANA,2011-12,2011-12,Constant Price,247688.5893,2011,"Financial Year (Apr - Mar), 2011"
MANIPUR,2011-12,2011-12,Current Price,11315.5858,2011,"Financial Year (Apr - Mar), 2011"
GUJARAT,2011-12,2011-12,Constant Price,469124.4587,2011,"Financial Year (Apr - Mar), 2011"
BIHAR,2011-12,2011-12,Current Price,223051.9798,2011,"Financial Year (Apr - Mar), 2011"
UTTAR PRADESH,2011-12,2011-12,Constant Price,602975.7,2011,"Financial Year (Apr - Mar), 2011"
HIMACHAL PRADESH,2011-12,2011-12,Current Price,57219.2033,2011,"Financial Year (Apr - Mar), 2011"
NAGALAND,2011-12,2011-12,Constant Price,10444.2719,2011,"Financial Year (Apr - Mar), 2011"
GOA,2011-12,2011-12,Constant Price,35047.5465,2011,"Financial Year (Apr - Mar), 2011"
NAGALAND,2011-12,2011-12,Current Price,10444.3057,2011,"Financial Year (Apr - Mar), 2011"
BIHAR,2011-12,2011-12,Constant Price,223051.9805,2011,"Financial Year (Apr - Mar), 2011"
MIZORAM,2011-12,2011-12,Constant Price,6575.53,2011,"Financial Year (Apr - Mar), 2011"
ASSAM,2011-12,2011-12,Constant Price,121469.41,2011,"Financial Year (Apr - Mar), 2011"
TRIPURA,2011-12,2011-12,Constant Price,17006.17,2011,"Financial Year (Apr - Mar), 2011"
MEGHALAYA,2011-12,2011-12,Constant Price,17032.0936,2011,"Financial Year (Apr - Mar), 2011"
JAMMU & KASHMIR,2011-12,2011-12,Current Price,63779.2679,2011,"Financial Year (Apr - Mar), 2011"
ARUNACHAL PRADESH,2011-12,2011-12,Constant Price,10021.47,2011,"Financial Year (Apr - Mar), 2011"
MAHARASHTRA,2011-12,2011-12,Current Price,990643.6979,2011,"Financial Year (Apr - Mar), 2011"
ANDHRA PRADESH,2011-12,2011-12,Constant Price,310346.52,2011,"Financial Year (Apr - Mar), 2011"
DELHI,2011-12,2011-12,Constant Price,274085.0113,2011,"Financial Year (Apr - Mar), 2011"
TELANGANA,2011-12,2011-12,Current Price,301755.34,2011,"Financial Year (Apr - Mar), 2011"
TAMIL NADU,2011-12,2011-12,Constant Price,616014.71,2011,"Financial Year (Apr - Mar), 2011"
PUDUCHERRY,2011-12,2011-12,Current Price,13153.56,2011,"Financial Year (Apr - Mar), 2011"
CHANDIGARH,2011-12,2011-12,Constant Price,16893.33,2011,"Financial Year (Apr - Mar), 2011"
GOA,2011-12,2011-12,Current Price,35047.5481,2011,"Financial Year (Apr - Mar), 2011"
JHARKHAND,2011-12,2011-12,Current Price,125595.47,2011,"Financial Year (Apr - Mar), 2011"
MANIPUR,2011-12,2011-12,Constant Price,11315.5858,2011,"Financial Year (Apr - Mar), 2011"
DELHI,2011-12,2011-12,Current Price,274085.0113,2011,"Financial Year (Apr - Mar), 2011"
CHHATTISGARH,2011-12,2011-12,Current Price,132629.4261,2011,"Financial Year (Apr - Mar), 2011"
CHANDIGARH,2011-12,2011-12,Current Price,16893.33,2011,"Financial Year (Apr - Mar), 2011"
MAHARASHTRA,2011-12,2011-12,Constant Price,990643.6979,2011,"Financial Year (Apr - Mar), 2011"
ANDAMAN & NICOBAR ISLANDS,2011-12,2011-12,Current Price,3462.7417,2011,"Financial Year (Apr - Mar), 2011"
PUDUCHERRY,2011-12,2011-12,Constant Price,13153.56,2011,"Financial Year (Apr - Mar), 2011"
CHHATTISGARH,2011-12,2011-12,Constant Price,132629.4261,2011,"Financial Year (Apr - Mar), 2011"
MIZORAM,2011-12,2011-12,Current Price,6575.53,2011,"Financial Year (Apr - Mar), 2011"
KARNATAKA,2011-12,2011-12,Current Price,501156.0352,2011,"Financial Year (Apr - Mar), 2011"
WEST BENGAL,2011-12,2011-12,Current Price,451189.0,2011,"Financial Year (Apr - Mar), 2011"
ASSAM,2020-21,2011-12,Current Price,,2020,"Financial Year (Apr - Mar), 2020"
MADHYA PRADESH,2011-12,2011-12,Constant Price,270498.0,2011,"Financial Year (Apr - Mar), 2011"
UTTARAKHAND,2011-12,2011-12,Current Price,94965.0,2011,"Financial Year (Apr - Mar), 2011"
ASSAM,2011-12,2011-12,Current Price,121469.41,2011,"Financial Year (Apr - Mar), 2011"
UTTAR PRADESH,2011-12,2011-12,Current Price,602975.6999,2011,"Financial Year (Apr - Mar), 2011"
SIKKIM,2011-12,2011-12,Constant Price,9469.18,2011,"Financial Year (Apr - Mar), 2011"
TRIPURA,2011-12,2011-12,Current Price,17006.17,2011,"Financial Year (Apr - Mar), 2011"
ANDAMAN & NICOBAR ISLANDS,2011-12,2011-12,Constant Price,3462.7417,2011,"Financial Year (Apr - Mar), 2011"
GUJARAT,2011-12,2011-12,Current Price,469124.4629,2011,"Financial Year (Apr - Mar), 2011"
KERALA,2011-12,2011-12,Current Price,300266.3429,2011,"Financial Year (Apr - Mar), 2011"
UTTARAKHAND,2011-12,2011-12,Constant Price,94965.0,2011,"Financial Year (Apr - Mar), 2011"
TAMIL NADU,2011-12,2011-12,Current Price,616014.71,2011,"Financial Year (Apr - Mar), 2011"
KERALA,2011-12,2011-12,Constant Price,300266.3429,2011,"Financial Year (Apr - Mar), 2011"
SIKKIM,2011-12,2011-12,Current Price,9469.18,2011,"Financial Year (Apr - Mar), 2011"
RAJASTHAN,2011-12,2011-12,Constant Price,377477.83,2011,"Financial Year (Apr - Mar), 2011"
RAJASTHAN,2011-12,2011-12,Current Price,377477.84,2011,"Financial Year (Apr - Mar), 2011"
KARNATAKA,2011-12,2011-12,Constant Price,501156.036,2011,"Financial Year (Apr - Mar), 2011"
MEGHALAYA,2011-12,2011-12,Current Price,17032.0983,2011,"Financial Year (Apr - Mar), 2011"
JHARKHAND,2011-12,2011-12,Constant Price,125595.47,2011,"Financial Year (Apr - Mar), 2011"
MADHYA PRADESH,2011-12,2011-12,Current Price,270498.0,2011,"Financial Year (Apr - Mar), 2011"
PUNJAB,2011-12,2011-12,Current Price,226372.95,2011,"Financial Year (Apr - Mar), 2011"
ORISSA,2011-12,2011-12,Current Price,193470.5645,2011,"Financial Year (Apr - Mar), 2011"
PUNJAB,2012-13,2011-12,Current Price,250220.49,2012,"Financial Year (Apr - Mar), 2012"
ORISSA,2012-13,2011-12,Current Price,220775.8257,2012,"Financial Year (Apr - Mar), 2012"
NAGALAND,2012-13,2011-12,Current Price,12209.3235,2012,"Financial Year (Apr - Mar), 2012"
CHHATTISGARH,2012-13,2011-12,Current Price,148053.4137,2012,"Financial Year (Apr - Mar), 2012"
MIZORAM,2012-13,2011-12,Current Price,7526.71,2012,"Financial Year (Apr - Mar), 2012"
MEGHALAYA,2012-13,2011-12,Current Price,18519.1763,2012,"Financial Year (Apr - Mar), 2012"
MANIPUR,2012-13,2011-12,Current Price,12169.5376,2012,"Financial Year (Apr - Mar), 2012"
MAHARASHTRA,2012-13,2011-12,Current Price,1117592.778,2012,"Financial Year (Apr - Mar), 2012"
WEST BENGAL,2012-13,2011-12,Constant Price,470888.0,2012,"Financial Year (Apr - Mar), 2012"
TELANGANA,2012-13,2011-12,Constant Price,309967.72,2012,"Financial Year (Apr - Mar), 2012"
UTTARAKHAND,2012-13,2011-12,Constant Price,101922.0,2012,"Financial Year (Apr - Mar), 2012"
UTTAR PRADESH,2012-13,2011-12,Constant Price,631686.59,2012,"Financial Year (Apr - Mar), 2012"
TRIPURA,2012-13,2011-12,Constant Price,18510.9,2012,"Financial Year (Apr - Mar), 2012"
TAMIL NADU,2012-13,2011-12,Constant Price,642593.0,2012,"Financial Year (Apr - Mar), 2012"
ASSAM,2012-13,2011-12,Current Price,133784.96,2012,"Financial Year (Apr - Mar), 2012"
SIKKIM,2012-13,2011-12,Constant Price,9630.96,2012,"Financial Year (Apr - Mar), 2012"
RAJASTHAN,2012-13,2011-12,Constant Price,389759.17,2012,"Financial Year (Apr - Mar), 2012"
PUNJAB,2012-13,2011-12,Constant Price,236390.91,2012,"Financial Year (Apr - Mar), 2012"
PUDUCHERRY,2012-13,2011-12,Constant Price,13283.37,2012,"Financial Year (Apr - Mar), 2012"
BIHAR,2012-13,2011-12,Current Price,255658.015,2012,"Financial Year (Apr - Mar), 2012"
ORISSA,2012-13,2011-12,Constant Price,204856.5131,2012,"Financial Year (Apr - Mar), 2012"
NAGALAND,2012-13,2011-12,Constant Price,11062.1463,2012,"Financial Year (Apr - Mar), 2012"
MIZORAM,2012-13,2011-12,Constant Price,6978.59,2012,"Financial Year (Apr - Mar), 2012"
MEGHALAYA,2012-13,2011-12,Constant Price,17278.48,2012,"Financial Year (Apr - Mar), 2012"
GOA,2012-13,2011-12,Current Price,31320.2671,2012,"Financial Year (Apr - Mar), 2012"
MANIPUR,2012-13,2011-12,Constant Price,11497.9126,2012,"Financial Year (Apr - Mar), 2012"
MAHARASHTRA,2012-13,2011-12,Constant Price,1045150.84,2012,"Financial Year (Apr - Mar), 2012"
CHHATTISGARH,2012-13,2011-12,Constant Price,138351.724,2012,"Financial Year (Apr - Mar), 2012"
DELHI,2012-13,2011-12,Constant Price,288497.3631,2012,"Financial Year (Apr - Mar), 2012"
GUJARAT,2012-13,2011-12,Current Price,555231.6827,2012,"Financial Year (Apr - Mar), 2012"
MADHYA PRADESH,2012-13,2011-12,Constant Price,293368.0,2012,"Financial Year (Apr - Mar), 2012"
KERALA,2012-13,2011-12,Constant Price,317277.0755,2012,"Financial Year (Apr - Mar), 2012"
KARNATAKA,2012-13,2011-12,Constant Price,528642.0977,2012,"Financial Year (Apr - Mar), 2012"
JHARKHAND,2012-13,2011-12,Constant Price,136581.99,2012,"Financial Year (Apr - Mar), 2012"
HARYANA,2012-13,2011-12,Current Price,287215.4897,2012,"Financial Year (Apr - Mar), 2012"
JAMMU & KASHMIR,2012-13,2011-12,Constant Price,63546.2527,2012,"Financial Year (Apr - Mar), 2012"
HIMACHAL PRADESH,2012-13,2011-12,Constant Price,61259.9318,2012,"Financial Year (Apr - Mar), 2012"
HARYANA,2012-13,2011-12,Constant Price,262444.8754,2012,"Financial Year (Apr - Mar), 2012"
HIMACHAL PRADESH,2012-13,2011-12,Current Price,65520.8901,2012,"Financial Year (Apr - Mar), 2012"
GUJARAT,2012-13,2011-12,Constant Price,521013.6505,2012,"Financial Year (Apr - Mar), 2012"
GOA,2012-13,2011-12,Constant Price,29424.8505,2012,"Financial Year (Apr - Mar), 2012"
BIHAR,2012-13,2011-12,Constant Price,231691.081,2012,"Financial Year (Apr - Mar), 2012"
ASSAM,2012-13,2011-12,Constant Price,124871.05,2012,"Financial Year (Apr - Mar), 2012"
JAMMU & KASHMIR,2012-13,2011-12,Current Price,68948.1792,2012,"Financial Year (Apr - Mar), 2012"
ARUNACHAL PRADESH,2012-13,2011-12,Constant Price,10267.88,2012,"Financial Year (Apr - Mar), 2012"
ANDHRA PRADESH,2012-13,2011-12,Constant Price,311720.29,2012,"Financial Year (Apr - Mar), 2012"
TELANGANA,2012-13,2011-12,Current Price,337698.79,2012,"Financial Year (Apr - Mar), 2012"
JHARKHAND,2012-13,2011-12,Current Price,146407.08,2012,"Financial Year (Apr - Mar), 2012"
PUDUCHERRY,2012-13,2011-12,Current Price,14580.34,2012,"Financial Year (Apr - Mar), 2012"
DELHI,2012-13,2011-12,Current Price,308600.0092,2012,"Financial Year (Apr - Mar), 2012"
CHANDIGARH,2012-13,2011-12,Current Price,19459.48,2012,"Financial Year (Apr - Mar), 2012"
ANDAMAN & NICOBAR ISLANDS,2012-13,2011-12,Current Price,3874.0987,2012,"Financial Year (Apr - Mar), 2012"
CHANDIGARH,2012-13,2011-12,Constant Price,18263.15,2012,"Financial Year (Apr - Mar), 2012"
KARNATAKA,2012-13,2011-12,Current Price,572068.7125,2012,"Financial Year (Apr - Mar), 2012"
WEST BENGAL,2012-13,2011-12,Current Price,514265.0,2012,"Financial Year (Apr - Mar), 2012"
UTTARAKHAND,2012-13,2011-12,Current Price,109177.0,2012,"Financial Year (Apr - Mar), 2012"
UTTAR PRADESH,2012-13,2011-12,Current Price,687807.98,2012,"Financial Year (Apr - Mar), 2012"
KERALA,2012-13,2011-12,Current Price,340353.9937,2012,"Financial Year (Apr - Mar), 2012"
TRIPURA,2012-13,2011-12,Current Price,19257.32,2012,"Financial Year (Apr - Mar), 2012"
TAMIL NADU,2012-13,2011-12,Current Price,698241.44,2012,"Financial Year (Apr - Mar), 2012"
SIKKIM,2012-13,2011-12,Current Price,10445.75,2012,"Financial Year (Apr - Mar), 2012"
RAJASTHAN,2012-13,2011-12,Current Price,424894.26,2012,"Financial Year (Apr - Mar), 2012"
ANDAMAN & NICOBAR ISLANDS,2012-13,2011-12,Constant Price,3633.7212,2012,"Financial Year (Apr - Mar), 2012"
MADHYA PRADESH,2012-13,2011-12,Current Price,319431.0,2012,"Financial Year (Apr - Mar), 2012"
TRIPURA,2013-14,2011-12,Constant Price,20149.84,2013,"Financial Year (Apr - Mar), 2013"
ASSAM,2013-14,2011-12,Current Price,150546.56,2013,"Financial Year (Apr - Mar), 2013"
BIHAR,2013-14,2011-12,Current Price,281726.8134,2013,"Financial Year (Apr - Mar), 2013"
GOA,2013-14,2011-12,Current Price,28145.2943,2013,"Financial Year (Apr - Mar), 2013"
GUJARAT,2013-14,2011-12,Current Price,620915.7173,2013,"Financial Year (Apr - Mar), 2013"
HARYANA,2013-14,2011-12,Current Price,330495.0591,2013,"Financial Year (Apr - Mar), 2013"
HIMACHAL PRADESH,2013-14,2011-12,Current Price,74722.292,2013,"Financial Year (Apr - Mar), 2013"
JAMMU & KASHMIR,2013-14,2011-12,Current Price,74694.6535,2013,"Financial Year (Apr - Mar), 2013"
JHARKHAND,2013-14,2011-12,Current Price,155996.0,2013,"Financial Year (Apr - Mar), 2013"
KARNATAKA,2013-14,2011-12,Current Price,670276.3305,2013,"Financial Year (Apr - Mar), 2013"
KERALA,2013-14,2011-12,Current Price,381324.0528,2013,"Financial Year (Apr - Mar), 2013"
MADHYA PRADESH,2013-14,2011-12,Current Price,370441.0,2013,"Financial Year (Apr - Mar), 2013"
CHHATTISGARH,2013-14,2011-12,Current Price,174643.44,2013,"Financial Year (Apr - Mar), 2013"
MAHARASHTRA,2013-14,2011-12,Current Price,1268041.067,2013,"Financial Year (Apr - Mar), 2013"
MANIPUR,2013-14,2011-12,Current Price,14097.0666,2013,"Financial Year (Apr - Mar), 2013"
MEGHALAYA,2013-14,2011-12,Current Price,19320.5814,2013,"Financial Year (Apr - Mar), 2013"
MIZORAM,2013-14,2011-12,Current Price,8829.5949,2013,"Financial Year (Apr - Mar), 2013"
NAGALAND,2013-14,2011-12,Current Price,14354.0964,2013,"Financial Year (Apr - Mar), 2013"
ORISSA,2013-14,2011-12,Current Price,244944.633,2013,"Financial Year (Apr - Mar), 2013"
PUNJAB,2013-14,2011-12,Current Price,274090.14,2013,"Financial Year (Apr - Mar), 2013"
RAJASTHAN,2013-14,2011-12,Current Price,466553.58,2013,"Financial Year (Apr - Mar), 2013"
SIKKIM,2013-14,2011-12,Current Price,11657.93,2013,"Financial Year (Apr - Mar), 2013"
TAMIL NADU,2013-14,2011-12,Current Price,778123.9,2013,"Financial Year (Apr - Mar), 2013"
TRIPURA,2013-14,2011-12,Current Price,22775.55,2013,"Financial Year (Apr - Mar), 2013"
UTTAR PRADESH,2013-14,2011-12,Current Price,779033.67,2013,"Financial Year (Apr - Mar), 2013"
UTTARAKHAND,2013-14,2011-12,Current Price,122244.0,2013,"Financial Year (Apr - Mar), 2013"
WEST BENGAL,2013-14,2011-12,Current Price,583710.0,2013,"Financial Year (Apr - Mar), 2013"
ANDAMAN & NICOBAR ISLANDS,2013-14,2011-12,Current Price,4303.5954,2013,"Financial Year (Apr - Mar), 2013"
CHANDIGARH,2013-14,2011-12,Current Price,22099.82,2013,"Financial Year (Apr - Mar), 2013"
DELHI,2013-14,2011-12,Current Price,346812.0315,2013,"Financial Year (Apr - Mar), 2013"
PUDUCHERRY,2013-14,2011-12,Current Price,17096.52,2013,"Financial Year (Apr - Mar), 2013"
TELANGANA,2013-14,2011-12,Current Price,378430.7,2013,"Financial Year (Apr - Mar), 2013"
ANDHRA PRADESH,2013-14,2011-12,Constant Price,328709.52,2013,"Financial Year (Apr - Mar), 2013"
ARUNACHAL PRADESH,2013-14,2011-12,Constant Price,10966.5,2013,"Financial Year (Apr - Mar), 2013"
ASSAM,2013-14,2011-12,Constant Price,130140.63,2013,"Financial Year (Apr - Mar), 2013"
BIHAR,2013-14,2011-12,Constant Price,237927.2376,2013,"Financial Year (Apr - Mar), 2013"
GOA,2013-14,2011-12,Constant Price,24589.1023,2013,"Financial Year (Apr - Mar), 2013"
GUJARAT,2013-14,2011-12,Constant Price,558696.4326,2013,"Financial Year (Apr - Mar), 2013"
HARYANA,2013-14,2011-12,Constant Price,283483.2399,2013,"Financial Year (Apr - Mar), 2013"
HIMACHAL PRADESH,2013-14,2011-12,Constant Price,65840.8323,2013,"Financial Year (Apr - Mar), 2013"
JAMMU & KASHMIR,2013-14,2011-12,Constant Price,66155.8264,2013,"Financial Year (Apr - Mar), 2013"
JHARKHAND,2013-14,2011-12,Constant Price,136516.86,2013,"Financial Year (Apr - Mar), 2013"
KARNATAKA,2013-14,2011-12,Constant Price,577481.6,2013,"Financial Year (Apr - Mar), 2013"
KERALA,2013-14,2011-12,Constant Price,333576.9131,2013,"Financial Year (Apr - Mar), 2013"
MADHYA PRADESH,2013-14,2011-12,Constant Price,302791.0,2013,"Financial Year (Apr - Mar), 2013"
CHHATTISGARH,2013-14,2011-12,Constant Price,153469.39,2013,"Financial Year (Apr - Mar), 2013"
MAHARASHTRA,2013-14,2011-12,Constant Price,1112364.27,2013,"Financial Year (Apr - Mar), 2013"
MANIPUR,2013-14,2011-12,Constant Price,12223.6023,2013,"Financial Year (Apr - Mar), 2013"
MEGHALAYA,2013-14,2011-12,Constant Price,17458.3149,2013,"Financial Year (Apr - Mar), 2013"
MIZORAM,2013-14,2011-12,Constant Price,7684.6957,2013,"Financial Year (Apr - Mar), 2013"
NAGALAND,2013-14,2011-12,Constant Price,11758.0153,2013,"Financial Year (Apr - Mar), 2013"
ORISSA,2013-14,2011-12,Constant Price,219792.1063,2013,"Financial Year (Apr - Mar), 2013"
PUNJAB,2013-14,2011-12,Constant Price,247316.49,2013,"Financial Year (Apr - Mar), 2013"
RAJASTHAN,2013-14,2011-12,Constant Price,409832.61,2013,"Financial Year (Apr - Mar), 2013"
SIKKIM,2013-14,2011-12,Constant Price,10128.38,2013,"Financial Year (Apr - Mar), 2013"
TAMIL NADU,2013-14,2011-12,Constant Price,675124.09,2013,"Financial Year (Apr - Mar), 2013"
UTTAR PRADESH,2013-14,2011-12,Constant Price,659730.37,2013,"Financial Year (Apr - Mar), 2013"
UTTARAKHAND,2013-14,2011-12,Constant Price,109140.0,2013,"Financial Year (Apr - Mar), 2013"
WEST BENGAL,2013-14,2011-12,Constant Price,483340.0,2013,"Financial Year (Apr - Mar), 2013"
ANDAMAN & NICOBAR ISLANDS,2013-14,2011-12,Constant Price,3825.1106,2013,"Financial Year (Apr - Mar), 2013"
CHANDIGARH,2013-14,2011-12,Constant Price,19640.73,2013,"Financial Year (Apr - Mar), 2013"
DELHI,2013-14,2011-12,Constant Price,305243.8979,2013,"Financial Year (Apr - Mar), 2013"
PUDUCHERRY,2013-14,2011-12,Constant Price,14913.4,2013,"Financial Year (Apr - Mar), 2013"
TELANGANA,2013-14,2011-12,Constant Price,323931.66,2013,"Financial Year (Apr - Mar), 2013"
UTTARAKHAND,2014-15,2011-12,Constant Price,116673.0,2014,"Financial Year (Apr - Mar), 2014"
JAMMU & KASHMIR,2014-15,2011-12,Current Price,75789.2622,2014,"Financial Year (Apr - Mar), 2014"
UTTARAKHAND,2014-15,2011-12,Current Price,132837.0,2014,"Financial Year (Apr - Mar), 2014"
PUDUCHERRY,2014-15,2011-12,Constant Price,13664.4125,2014,"Financial Year (Apr - Mar), 2014"
NAGALAND,2014-15,2011-12,Constant Price,12304.8591,2014,"Financial Year (Apr - Mar), 2014"
ASSAM,2014-15,2011-12,Constant Price,136812.287,2014,"Financial Year (Apr - Mar), 2014"
HIMACHAL PRADESH,2014-15,2011-12,Current Price,80904.5251,2014,"Financial Year (Apr - Mar), 2014"
MIZORAM,2014-15,2011-12,Constant Price,9800.96,2014,"Financial Year (Apr - Mar), 2014"
TAMIL NADU,2014-15,2011-12,Current Price,867515.38,2014,"Financial Year (Apr - Mar), 2014"
UTTAR PRADESH,2014-15,2011-12,Constant Price,676190.893,2014,"Financial Year (Apr - Mar), 2014"
CHHATTISGARH,2014-15,2011-12,Current Price,185263.19,2014,"Financial Year (Apr - Mar), 2014"
GOA,2014-15,2011-12,Constant Price,32737.1137,2014,"Financial Year (Apr - Mar), 2014"
WEST BENGAL,2014-15,2011-12,Current Price,612211.0,2014,"Financial Year (Apr - Mar), 2014"
GOA,2014-15,2011-12,Current Price,38609.4002,2014,"Financial Year (Apr - Mar), 2014"
MEGHALAYA,2014-15,2011-12,Constant Price,16886.9941,2014,"Financial Year (Apr - Mar), 2014"
TRIPURA,2014-15,2011-12,Constant Price,23942.0,2014,"Financial Year (Apr - Mar), 2014"
MANIPUR,2014-15,2011-12,Constant Price,13395.65,2014,"Financial Year (Apr - Mar), 2014"
ANDAMAN & NICOBAR ISLANDS,2014-15,2011-12,Constant Price,4213.599,2014,"Financial Year (Apr - Mar), 2014"
MAHARASHTRA,2014-15,2011-12,Constant Price,1178550.772,2014,"Financial Year (Apr - Mar), 2014"
BIHAR,2014-15,2011-12,Constant Price,245674.4086,2014,"Financial Year (Apr - Mar), 2014"
MIZORAM,2014-15,2011-12,Current Price,11901.55,2014,"Financial Year (Apr - Mar), 2014"
ASSAM,2014-15,2011-12,Current Price,161419.8589,2014,"Financial Year (Apr - Mar), 2014"
ANDAMAN & NICOBAR ISLANDS,2014-15,2011-12,Current Price,4987.027,2014,"Financial Year (Apr - Mar), 2014"
TAMIL NADU,2014-15,2011-12,Constant Price,713000.72,2014,"Financial Year (Apr - Mar), 2014"
KARNATAKA,2014-15,2011-12,Current Price,743175.3899,2014,"Financial Year (Apr - Mar), 2014"
ORISSA,2014-15,2011-12,Current Price,255875.1046,2014,"Financial Year (Apr - Mar), 2014"
CHHATTISGARH,2014-15,2011-12,Constant Price,154774.34,2014,"Financial Year (Apr - Mar), 2014"
MAHARASHTRA,2014-15,2011-12,Current Price,1361015.825,2014,"Financial Year (Apr - Mar), 2014"
GUJARAT,2014-15,2011-12,Current Price,707224.5299,2014,"Financial Year (Apr - Mar), 2014"
MADHYA PRADESH,2014-15,2011-12,Constant Price,318942.0,2014,"Financial Year (Apr - Mar), 2014"
TRIPURA,2014-15,2011-12,Current Price,25974.91,2014,"Financial Year (Apr - Mar), 2014"
HARYANA,2014-15,2011-12,Constant Price,297793.8541,2014,"Financial Year (Apr - Mar), 2014"
CHANDIGARH,2014-15,2011-12,Current Price,23474.61,2014,"Financial Year (Apr - Mar), 2014"
MEGHALAYA,2014-15,2011-12,Current Price,19490.0795,2014,"Financial Year (Apr - Mar), 2014"
SIKKIM,2014-15,2011-12,Constant Price,10960.28,2014,"Financial Year (Apr - Mar), 2014"
KERALA,2014-15,2011-12,Current Price,419859.4681,2014,"Financial Year (Apr - Mar), 2014"
ANDHRA PRADESH,2014-15,2011-12,Constant Price,359510.83,2014,"Financial Year (Apr - Mar), 2014"
KERALA,2014-15,2011-12,Constant Price,348048.3255,2014,"Financial Year (Apr - Mar), 2014"
RAJASTHAN,2014-15,2011-12,Constant Price,437602.58,2014,"Financial Year (Apr - Mar), 2014"
MANIPUR,2014-15,2011-12,Current Price,16012.6,2014,"Financial Year (Apr - Mar), 2014"
MADHYA PRADESH,2014-15,2011-12,Current Price,405288.0,2014,"Financial Year (Apr - Mar), 2014"
DELHI,2014-15,2011-12,Current Price,387924.7328,2014,"Financial Year (Apr - Mar), 2014"
SIKKIM,2014-15,2011-12,Current Price,12993.98,2014,"Financial Year (Apr - Mar), 2014"
KARNATAKA,2014-15,2011-12,Constant Price,606798.719,2014,"Financial Year (Apr - Mar), 2014"
GUJARAT,2014-15,2011-12,Constant Price,612710.7703,2014,"Financial Year (Apr - Mar), 2014"
NAGALAND,2014-15,2011-12,Current Price,15947.6901,2014,"Financial Year (Apr - Mar), 2014"
HARYANA,2014-15,2011-12,Current Price,355719.7513,2014,"Financial Year (Apr - Mar), 2014"
JHARKHAND,2014-15,2011-12,Constant Price,155290.57,2014,"Financial Year (Apr - Mar), 2014"
UTTAR PRADESH,2014-15,2011-12,Current Price,829001.84,2014,"Financial Year (Apr - Mar), 2014"
DELHI,2014-15,2011-12,Constant Price,335131.3552,2014,"Financial Year (Apr - Mar), 2014"
PUNJAB,2014-15,2011-12,Constant Price,256453.18,2014,"Financial Year (Apr - Mar), 2014"
WEST BENGAL,2014-15,2011-12,Constant Price,497864.0,2014,"Financial Year (Apr - Mar), 2014"
PUDUCHERRY,2014-15,2011-12,Current Price,17362.5729,2014,"Financial Year (Apr - Mar), 2014"
CHANDIGARH,2014-15,2011-12,Constant Price,20203.97,2014,"Financial Year (Apr - Mar), 2014"
JAMMU & KASHMIR,2014-15,2011-12,Constant Price,62583.4229,2014,"Financial Year (Apr - Mar), 2014"
JHARKHAND,2014-15,2011-12,Current Price,182628.02,2014,"Financial Year (Apr - Mar), 2014"
PUNJAB,2014-15,2011-12,Current Price,290422.94,2014,"Financial Year (Apr - Mar), 2014"
ARUNACHAL PRADESH,2014-15,2011-12,Constant Price,12727.81,2014,"Financial Year (Apr - Mar), 2014"
HIMACHAL PRADESH,2014-15,2011-12,Constant Price,70594.6914,2014,"Financial Year (Apr - Mar), 2014"
BIHAR,2014-15,2011-12,Current Price,307980.4907,2014,"Financial Year (Apr - Mar), 2014"
ORISSA,2014-15,2011-12,Constant Price,221105.4142,2014,"Financial Year (Apr - Mar), 2014"
TELANGANA,2014-15,2011-12,Current Price,416930.33,2014,"Financial Year (Apr - Mar), 2014"
TELANGANA,2014-15,2011-12,Constant Price,339637.74,2014,"Financial Year (Apr - Mar), 2014"
RAJASTHAN,2014-15,2011-12,Current Price,519521.22,2014,"Financial Year (Apr - Mar), 2014"
JHARKHAND,2015-16,2011-12,Current Price,167741.05,2015,"Financial Year (Apr - Mar), 2015"
HIMACHAL PRADESH,2015-16,2011-12,Current Price,89867.8566,2015,"Financial Year (Apr - Mar), 2015"
HARYANA,2015-16,2011-12,Constant Price,326703.0,2015,"Financial Year (Apr - Mar), 2015"
ARUNACHAL PRADESH,2011-12,2011-12,Current Price,10021.47,2011,"Financial Year (Apr - Mar), 2011"
ANDHRA PRADESH,2011-12,2011-12,Current Price,310346.52,2011,"Financial Year (Apr - Mar), 2011"
ARUNACHAL PRADESH,2012-13,2011-12,Current Price,11474.15,2012,"Financial Year (Apr - Mar), 2012"
ANDHRA PRADESH,2012-13,2011-12,Current Price,338269.06,2012,"Financial Year (Apr - Mar), 2012"
ANDHRA PRADESH,2013-14,2011-12,Current Price,375613.64,2013,"Financial Year (Apr - Mar), 2013"
ARUNACHAL PRADESH,2013-14,2011-12,Current Price,13072.86,2013,"Financial Year (Apr - Mar), 2013"
ANDHRA PRADESH,2014-15,2011-12,Current Price,433666.81,2014,"Financial Year (Apr - Mar), 2014"
ARUNACHAL PRADESH,2014-15,2011-12,Current Price,16073.91,2014,"Financial Year (Apr - Mar), 2014"
ANDHRA PRADESH,2015-16,2011-12,Constant Price,398843.66,2015,"Financial Year (Apr - Mar), 2015"
GUJARAT,2015-16,2011-12,Constant Price,672945.1898,2015,"Financial Year (Apr - Mar), 2015"
GOA,2015-16,2011-12,Constant Price,37364.2121,2015,"Financial Year (Apr - Mar), 2015"
BIHAR,2015-16,2011-12,Constant Price,258801.0111,2015,"Financial Year (Apr - Mar), 2015"
JAMMU & KASHMIR,2015-16,2011-12,Current Price,91854.7524,2015,"Financial Year (Apr - Mar), 2015"
ARUNACHAL PRADESH,2015-16,2011-12,Constant Price,12414.4,2015,"Financial Year (Apr - Mar), 2015"
ASSAM,2015-16,2011-12,Constant Price,157193.363,2015,"Financial Year (Apr - Mar), 2015"
MADHYA PRADESH,2015-16,2011-12,Current Price,453142.0,2015,"Financial Year (Apr - Mar), 2015"
MANIPUR,2015-16,2011-12,Current Price,16995.61,2015,"Financial Year (Apr - Mar), 2015"
MAHARASHTRA,2015-16,2011-12,Current Price,1489570.604,2015,"Financial Year (Apr - Mar), 2015"
ARUNACHAL PRADESH,2015-16,2011-12,Current Price,16432.46,2015,"Financial Year (Apr - Mar), 2015"
CHHATTISGARH,2015-16,2011-12,Current Price,189201.77,2015,"Financial Year (Apr - Mar), 2015"
SIKKIM,2015-16,2011-12,Current Price,14952.01,2015,"Financial Year (Apr - Mar), 2015"
TELANGANA,2015-16,2011-12,Constant Price,376192.3724,2015,"Financial Year (Apr - Mar), 2015"
WEST BENGAL,2015-16,2011-12,Constant Price,524366.0,2015,"Financial Year (Apr - Mar), 2015"
UTTARAKHAND,2015-16,2011-12,Constant Price,125752.6044,2015,"Financial Year (Apr - Mar), 2015"
NAGALAND,2015-16,2011-12,Current Price,16876.4994,2015,"Financial Year (Apr - Mar), 2015"
TAMIL NADU,2015-16,2011-12,Current Price,956998.11,2015,"Financial Year (Apr - Mar), 2015"
UTTAR PRADESH,2015-16,2011-12,Constant Price,735381.76,2015,"Financial Year (Apr - Mar), 2015"
TRIPURA,2015-16,2011-12,Constant Price,22830.76,2015,"Financial Year (Apr - Mar), 2015"
ASSAM,2015-16,2011-12,Current Price,188524.4071,2015,"Financial Year (Apr - Mar), 2015"
TRIPURA,2015-16,2011-12,Current Price,31261.87,2015,"Financial Year (Apr - Mar), 2015"
TAMIL NADU,2015-16,2011-12,Constant Price,773945.99,2015,"Financial Year (Apr - Mar), 2015"
SIKKIM,2015-16,2011-12,Constant Price,11853.79,2015,"Financial Year (Apr - Mar), 2015"
RAJASTHAN,2015-16,2011-12,Constant Price,467478.86,2015,"Financial Year (Apr - Mar), 2015"
BIHAR,2015-16,2011-12,Current Price,332672.1902,2015,"Financial Year (Apr - Mar), 2015"
PUNJAB,2015-16,2011-12,Current Price,313078.76,2015,"Financial Year (Apr - Mar), 2015"
UTTAR PRADESH,2015-16,2011-12,Current Price,929229.04,2015,"Financial Year (Apr - Mar), 2015"
KERALA,2015-16,2011-12,Current Price,453053.7419,2015,"Financial Year (Apr - Mar), 2015"
PUNJAB,2015-16,2011-12,Constant Price,270051.67,2015,"Financial Year (Apr - Mar), 2015"
ORISSA,2015-16,2011-12,Constant Price,235604.4353,2015,"Financial Year (Apr - Mar), 2015"
ANDAMAN & NICOBAR ISLANDS,2015-16,2011-12,Constant Price,4479.1736,2015,"Financial Year (Apr - Mar), 2015"
UTTARAKHAND,2015-16,2011-12,Current Price,144709.2403,2015,"Financial Year (Apr - Mar), 2015"
NAGALAND,2015-16,2011-12,Constant Price,12387.1086,2015,"Financial Year (Apr - Mar), 2015"
PUDUCHERRY,2015-16,2011-12,Constant Price,14560.915,2015,"Financial Year (Apr - Mar), 2015"
MIZORAM,2015-16,2011-12,Constant Price,10623.2635,2015,"Financial Year (Apr - Mar), 2015"
GOA,2015-16,2011-12,Current Price,44849.0831,2015,"Financial Year (Apr - Mar), 2015"
WEST BENGAL,2015-16,2011-12,Current Price,678855.0,2015,"Financial Year (Apr - Mar), 2015"
MEGHALAYA,2015-16,2011-12,Constant Price,16449.8499,2015,"Financial Year (Apr - Mar), 2015"
MANIPUR,2015-16,2011-12,Constant Price,14189.97,2015,"Financial Year (Apr - Mar), 2015"
MAHARASHTRA,2015-16,2011-12,Constant Price,1266714.707,2015,"Financial Year (Apr - Mar), 2015"
ANDAMAN & NICOBAR ISLANDS,2015-16,2011-12,Current Price,5354.4129,2015,"Financial Year (Apr - Mar), 2015"
GUJARAT,2015-16,2011-12,Current Price,780239.713,2015,"Financial Year (Apr - Mar), 2015"
KARNATAKA,2015-16,2011-12,Current Price,848367.0098,2015,"Financial Year (Apr - Mar), 2015"
CHHATTISGARH,2015-16,2011-12,Constant Price,158440.0,2015,"Financial Year (Apr - Mar), 2015"
MIZORAM,2015-16,2011-12,Current Price,13270.6734,2015,"Financial Year (Apr - Mar), 2015"
CHANDIGARH,2015-16,2011-12,Current Price,25384.16,2015,"Financial Year (Apr - Mar), 2015"
MEGHALAYA,2015-16,2011-12,Current Price,20271.0674,2015,"Financial Year (Apr - Mar), 2015"
MADHYA PRADESH,2015-16,2011-12,Constant Price,341878.0,2015,"Financial Year (Apr - Mar), 2015"
ANDHRA PRADESH,2015-16,2011-12,Current Price,497019.24,2015,"Financial Year (Apr - Mar), 2015"
KERALA,2015-16,2011-12,Constant Price,366420.1994,2015,"Financial Year (Apr - Mar), 2015"
DELHI,2015-16,2011-12,Current Price,428501.4924,2015,"Financial Year (Apr - Mar), 2015"
CHANDIGARH,2015-16,2011-12,Constant Price,21653.57,2015,"Financial Year (Apr - Mar), 2015"
KARNATAKA,2015-16,2011-12,Constant Price,673936.1616,2015,"Financial Year (Apr - Mar), 2015"
HARYANA,2015-16,2011-12,Current Price,389889.8182,2015,"Financial Year (Apr - Mar), 2015"
JHARKHAND,2015-16,2011-12,Constant Price,141091.17,2015,"Financial Year (Apr - Mar), 2015"
ORISSA,2015-16,2011-12,Current Price,259935.5102,2015,"Financial Year (Apr - Mar), 2015"
PUDUCHERRY,2015-16,2011-12,Current Price,20862.1638,2015,"Financial Year (Apr - Mar), 2015"
JAMMU & KASHMIR,2015-16,2011-12,Constant Price,74991.1403,2015,"Financial Year (Apr - Mar), 2015"
DELHI,2015-16,2011-12,Constant Price,367024.5367,2015,"Financial Year (Apr - Mar), 2015"
HIMACHAL PRADESH,2015-16,2011-12,Constant Price,76214.5115,2015,"Financial Year (Apr - Mar), 2015"
RAJASTHAN,2015-16,2011-12,Current Price,572190.92,2015,"Financial Year (Apr - Mar), 2015"
TELANGANA,2015-16,2011-12,Current Price,475427.8113,2015,"Financial Year (Apr - Mar), 2015"
ANDAMAN & NICOBAR ISLANDS,2016-17,2011-12,Constant Price,5045.0485,2016,"Financial Year (Apr - Mar), 2016"
PUNJAB,2016-17,2011-12,Current Price,343397.8387,2016,"Financial Year (Apr - Mar), 2016"
RAJASTHAN,2016-17,2011-12,Current Price,644011.0,2016,"Financial Year (Apr - Mar), 2016"
SIKKIM,2016-17,2011-12,Current Price,17072.1709,2016,"Financial Year (Apr - Mar), 2016"
MADHYA PRADESH,2016-17,2011-12,Current Price,548462.57,2016,"Financial Year (Apr - Mar), 2016"
TAMIL NADU,2016-17,2011-12,Current Price,1053133.541,2016,"Financial Year (Apr - Mar), 2016"
TRIPURA,2016-17,2011-12,Current Price,33918.05,2016,"Financial Year (Apr - Mar), 2016"
UTTAR PRADESH,2016-17,2011-12,Current Price,1053820.0,2016,"Financial Year (Apr - Mar), 2016"
KERALA,2016-17,2011-12,Current Price,505952.5476,2016,"Financial Year (Apr - Mar), 2016"
UTTARAKHAND,2016-17,2011-12,Current Price,159891.3152,2016,"Financial Year (Apr - Mar), 2016"
WEST BENGAL,2016-17,2011-12,Current Price,740846.16,2016,"Financial Year (Apr - Mar), 2016"
ANDAMAN & NICOBAR ISLANDS,2016-17,2011-12,Current Price,6006.1989,2016,"Financial Year (Apr - Mar), 2016"
CHANDIGARH,2016-17,2011-12,Current Price,28249.5157,2016,"Financial Year (Apr - Mar), 2016"
CHANDIGARH,2016-17,2011-12,Constant Price,23466.4301,2016,"Financial Year (Apr - Mar), 2016"
KARNATAKA,2016-17,2011-12,Current Price,978423.0,2016,"Financial Year (Apr - Mar), 2016"
DELHI,2016-17,2011-12,Current Price,473635.9298,2016,"Financial Year (Apr - Mar), 2016"
PUDUCHERRY,2016-17,2011-12,Current Price,23241.7349,2016,"Financial Year (Apr - Mar), 2016"
TELANGANA,2016-17,2011-12,Current Price,539672.53,2016,"Financial Year (Apr - Mar), 2016"
JHARKHAND,2016-17,2011-12,Current Price,192412.01,2016,"Financial Year (Apr - Mar), 2016"
ANDHRA PRADESH,2016-17,2011-12,Constant Price,425080.5526,2016,"Financial Year (Apr - Mar), 2016"
ARUNACHAL PRADESH,2016-17,2011-12,Constant Price,12552.92,2016,"Financial Year (Apr - Mar), 2016"
ASSAM,2016-17,2011-12,Constant Price,164674.0165,2016,"Financial Year (Apr - Mar), 2016"
BIHAR,2016-17,2011-12,Constant Price,277408.0,2016,"Financial Year (Apr - Mar), 2016"
JAMMU & KASHMIR,2016-17,2011-12,Current Price,97927.1244,2016,"Financial Year (Apr - Mar), 2016"
GOA,2016-17,2011-12,Constant Price,42030.1551,2016,"Financial Year (Apr - Mar), 2016"
GUJARAT,2016-17,2011-12,Constant Price,728886.5718,2016,"Financial Year (Apr - Mar), 2016"
HARYANA,2016-17,2011-12,Constant Price,358956.0,2016,"Financial Year (Apr - Mar), 2016"
DELHI,2016-17,2011-12,Constant Price,387816.951,2016,"Financial Year (Apr - Mar), 2016"
HIMACHAL PRADESH,2016-17,2011-12,Current Price,100220.07,2016,"Financial Year (Apr - Mar), 2016"
HIMACHAL PRADESH,2016-17,2011-12,Constant Price,83374.46,2016,"Financial Year (Apr - Mar), 2016"
JAMMU & KASHMIR,2016-17,2011-12,Constant Price,77104.6714,2016,"Financial Year (Apr - Mar), 2016"
JHARKHAND,2016-17,2011-12,Constant Price,155809.53,2016,"Financial Year (Apr - Mar), 2016"
KARNATAKA,2016-17,2011-12,Constant Price,754816.0,2016,"Financial Year (Apr - Mar), 2016"
HARYANA,2016-17,2011-12,Current Price,437300.0,2016,"Financial Year (Apr - Mar), 2016"
KERALA,2016-17,2011-12,Constant Price,393684.8307,2016,"Financial Year (Apr - Mar), 2016"
MADHYA PRADESH,2016-17,2011-12,Constant Price,386272.95,2016,"Financial Year (Apr - Mar), 2016"
CHHATTISGARH,2016-17,2011-12,Constant Price,168494.0,2016,"Financial Year (Apr - Mar), 2016"
GUJARAT,2016-17,2011-12,Current Price,888683.1309,2016,"Financial Year (Apr - Mar), 2016"
MAHARASHTRA,2016-17,2011-12,Constant Price,1388893.606,2016,"Financial Year (Apr - Mar), 2016"
MANIPUR,2016-17,2011-12,Constant Price,14462.05,2016,"Financial Year (Apr - Mar), 2016"
MEGHALAYA,2016-17,2011-12,Constant Price,17077.5155,2016,"Financial Year (Apr - Mar), 2016"
PUDUCHERRY,2016-17,2011-12,Constant Price,15634.3701,2016,"Financial Year (Apr - Mar), 2016"
MIZORAM,2016-17,2011-12,Constant Price,11528.4028,2016,"Financial Year (Apr - Mar), 2016"
GOA,2016-17,2011-12,Current Price,51291.2136,2016,"Financial Year (Apr - Mar), 2016"
NAGALAND,2016-17,2011-12,Constant Price,13088.8838,2016,"Financial Year (Apr - Mar), 2016"
ORISSA,2016-17,2011-12,Constant Price,266980.0,2016,"Financial Year (Apr - Mar), 2016"
PUNJAB,2016-17,2011-12,Constant Price,287907.9024,2016,"Financial Year (Apr - Mar), 2016"
ANDHRA PRADESH,2016-17,2011-12,Current Price,552435.7454,2016,"Financial Year (Apr - Mar), 2016"
BIHAR,2016-17,2011-12,Current Price,374284.6599,2016,"Financial Year (Apr - Mar), 2016"
RAJASTHAN,2016-17,2011-12,Constant Price,496002.0,2016,"Financial Year (Apr - Mar), 2016"
SIKKIM,2016-17,2011-12,Constant Price,12603.8244,2016,"Financial Year (Apr - Mar), 2016"
TAMIL NADU,2016-17,2011-12,Constant Price,824823.2041,2016,"Financial Year (Apr - Mar), 2016"
TRIPURA,2016-17,2011-12,Constant Price,25559.03,2016,"Financial Year (Apr - Mar), 2016"
ASSAM,2016-17,2011-12,Current Price,205329.5579,2016,"Financial Year (Apr - Mar), 2016"
UTTAR PRADESH,2016-17,2011-12,Constant Price,829267.0,2016,"Financial Year (Apr - Mar), 2016"
UTTARAKHAND,2016-17,2011-12,Constant Price,137862.2393,2016,"Financial Year (Apr - Mar), 2016"
WEST BENGAL,2016-17,2011-12,Constant Price,563988.8,2016,"Financial Year (Apr - Mar), 2016"
TELANGANA,2016-17,2011-12,Constant Price,407324.09,2016,"Financial Year (Apr - Mar), 2016"
ARUNACHAL PRADESH,2016-17,2011-12,Current Price,17365.73,2016,"Financial Year (Apr - Mar), 2016"
MANIPUR,2016-17,2011-12,Current Price,18276.72,2016,"Financial Year (Apr - Mar), 2016"
MAHARASHTRA,2016-17,2011-12,Current Price,1665073.81,2016,"Financial Year (Apr - Mar), 2016"
MEGHALAYA,2016-17,2011-12,Current Price,21873.4639,2016,"Financial Year (Apr - Mar), 2016"
MIZORAM,2016-17,2011-12,Current Price,14927.7081,2016,"Financial Year (Apr - Mar), 2016"
NAGALAND,2016-17,2011-12,Current Price,18697.4528,2016,"Financial Year (Apr - Mar), 2016"
CHHATTISGARH,2016-17,2011-12,Current Price,211384.0,2016,"Financial Year (Apr - Mar), 2016"
ORISSA,2016-17,2011-12,Current Price,304504.0,2016,"Financial Year (Apr - Mar), 2016"
TAMIL NADU,2017-18,2011-12,Constant Price,889005.4812,2017,"Financial Year (Apr - Mar), 2017"
CHHATTISGARH,2017-18,2011-12,Constant Price,174041.67,2017,"Financial Year (Apr - Mar), 2017"
NAGALAND,2017-18,2011-12,Current Price,21011.8707,2017,"Financial Year (Apr - Mar), 2017"
ANDHRA PRADESH,2017-18,2011-12,Constant Price,469758.0,2017,"Financial Year (Apr - Mar), 2017"
BIHAR,2017-18,2011-12,Current Price,420796.4602,2017,"Financial Year (Apr - Mar), 2017"
DELHI,2017-18,2011-12,Constant Price,408949.0555,2017,"Financial Year (Apr - Mar), 2017"
CHANDIGARH,2017-18,2011-12,Constant Price,24049.15,2017,"Financial Year (Apr - Mar), 2017"
MAHARASHTRA,2017-18,2011-12,Current Price,1792845.305,2017,"Financial Year (Apr - Mar), 2017"
BIHAR,2017-18,2011-12,Constant Price,303403.8094,2017,"Financial Year (Apr - Mar), 2017"
TRIPURA,2017-18,2011-12,Current Price,38141.51,2017,"Financial Year (Apr - Mar), 2017"
PUNJAB,2017-18,2011-12,Constant Price,304337.4157,2017,"Financial Year (Apr - Mar), 2017"
MAHARASHTRA,2017-18,2011-12,Constant Price,1461062.255,2017,"Financial Year (Apr - Mar), 2017"
TAMIL NADU,2017-18,2011-12,Current Price,1183470.055,2017,"Financial Year (Apr - Mar), 2017"
ANDAMAN & NICOBAR ISLANDS,2017-18,2011-12,Current Price,6727.8005,2017,"Financial Year (Apr - Mar), 2017"
HIMACHAL PRADESH,2017-18,2011-12,Current Price,107751.9293,2017,"Financial Year (Apr - Mar), 2017"
ASSAM,2017-18,2011-12,Current Price,233267.2743,2017,"Financial Year (Apr - Mar), 2017"
GUJARAT,2017-18,2011-12,Current Price,1010114.343,2017,"Financial Year (Apr - Mar), 2017"
DELHI,2017-18,2011-12,Current Price,522631.0798,2017,"Financial Year (Apr - Mar), 2017"
ARUNACHAL PRADESH,2017-18,2011-12,Constant Price,13173.31,2017,"Financial Year (Apr - Mar), 2017"
JHARKHAND,2017-18,2011-12,Current Price,219878.2,2017,"Financial Year (Apr - Mar), 2017"
ORISSA,2017-18,2011-12,Current Price,338407.0,2017,"Financial Year (Apr - Mar), 2017"
MANIPUR,2017-18,2011-12,Constant Price,16274.86,2017,"Financial Year (Apr - Mar), 2017"
GUJARAT,2017-18,2011-12,Constant Price,810458.9682,2017,"Financial Year (Apr - Mar), 2017"
HIMACHAL PRADESH,2017-18,2011-12,Constant Price,88248.454,2017,"Financial Year (Apr - Mar), 2017"
MANIPUR,2017-18,2011-12,Current Price,22807.15,2017,"Financial Year (Apr - Mar), 2017"
PUDUCHERRY,2017-18,2011-12,Constant Price,17148.6385,2017,"Financial Year (Apr - Mar), 2017"
TRIPURA,2017-18,2011-12,Constant Price,28354.74,2017,"Financial Year (Apr - Mar), 2017"
ASSAM,2017-18,2011-12,Constant Price,182149.6421,2017,"Financial Year (Apr - Mar), 2017"
PUNJAB,2017-18,2011-12,Current Price,378634.3677,2017,"Financial Year (Apr - Mar), 2017"
JHARKHAND,2017-18,2011-12,Constant Price,168452.73,2017,"Financial Year (Apr - Mar), 2017"
KERALA,2017-18,2011-12,Constant Price,417746.0298,2017,"Financial Year (Apr - Mar), 2017"
MEGHALAYA,2017-18,2011-12,Constant Price,18322.0116,2017,"Financial Year (Apr - Mar), 2017"
SIKKIM,2017-18,2011-12,Constant Price,13857.3132,2017,"Financial Year (Apr - Mar), 2017"
ANDAMAN & NICOBAR ISLANDS,2017-18,2011-12,Constant Price,5478.3405,2017,"Financial Year (Apr - Mar), 2017"
MEGHALAYA,2017-18,2011-12,Current Price,24355.4935,2017,"Financial Year (Apr - Mar), 2017"
MIZORAM,2017-18,2011-12,Current Price,17661.3095,2017,"Financial Year (Apr - Mar), 2017"
ARUNACHAL PRADESH,2017-18,2011-12,Current Price,19664.2,2017,"Financial Year (Apr - Mar), 2017"
WEST BENGAL,2017-18,2011-12,Current Price,829665.5694,2017,"Financial Year (Apr - Mar), 2017"
RAJASTHAN,2017-18,2011-12,Constant Price,516392.7938,2017,"Financial Year (Apr - Mar), 2017"
PUDUCHERRY,2017-18,2011-12,Current Price,25300.4696,2017,"Financial Year (Apr - Mar), 2017"
UTTARAKHAND,2017-18,2011-12,Constant Price,148406.0,2017,"Financial Year (Apr - Mar), 2017"
MIZORAM,2017-18,2011-12,Constant Price,13202.103,2017,"Financial Year (Apr - Mar), 2017"
CHHATTISGARH,2017-18,2011-12,Current Price,231560.62,2017,"Financial Year (Apr - Mar), 2017"
HARYANA,2017-18,2011-12,Constant Price,381946.683,2017,"Financial Year (Apr - Mar), 2017"
RAJASTHAN,2017-18,2011-12,Current Price,699779.9213,2017,"Financial Year (Apr - Mar), 2017"
SIKKIM,2017-18,2011-12,Current Price,20855.7755,2017,"Financial Year (Apr - Mar), 2017"
KARNATAKA,2017-18,2011-12,Constant Price,798901.0634,2017,"Financial Year (Apr - Mar), 2017"
GOA,2017-18,2011-12,Current Price,54975.9437,2017,"Financial Year (Apr - Mar), 2017"
MADHYA PRADESH,2017-18,2011-12,Current Price,617932.56,2017,"Financial Year (Apr - Mar), 2017"
UTTAR PRADESH,2017-18,2011-12,Constant Price,860072.5166,2017,"Financial Year (Apr - Mar), 2017"
MADHYA PRADESH,2017-18,2011-12,Constant Price,405370.84,2017,"Financial Year (Apr - Mar), 2017"
NAGALAND,2017-18,2011-12,Constant Price,13645.845,2017,"Financial Year (Apr - Mar), 2017"
WEST BENGAL,2017-18,2011-12,Constant Price,604856.582,2017,"Financial Year (Apr - Mar), 2017"
JAMMU & KASHMIR,2017-18,2011-12,Constant Price,79417.9729,2017,"Financial Year (Apr - Mar), 2017"
KERALA,2017-18,2011-12,Current Price,565389.2963,2017,"Financial Year (Apr - Mar), 2017"
TELANGANA,2017-18,2011-12,Current Price,609554.28,2017,"Financial Year (Apr - Mar), 2017"
KARNATAKA,2017-18,2011-12,Current Price,1078542.143,2017,"Financial Year (Apr - Mar), 2017"
CHANDIGARH,2017-18,2011-12,Current Price,30251.18,2017,"Financial Year (Apr - Mar), 2017"
GOA,2017-18,2011-12,Constant Price,42687.4867,2017,"Financial Year (Apr - Mar), 2017"
UTTAR PRADESH,2017-18,2011-12,Current Price,1155870.104,2017,"Financial Year (Apr - Mar), 2017"
HARYANA,2017-18,2011-12,Current Price,491986.2788,2017,"Financial Year (Apr - Mar), 2017"
ORISSA,2017-18,2011-12,Constant Price,282828.0,2017,"Financial Year (Apr - Mar), 2017"
JAMMU & KASHMIR,2017-18,2011-12,Current Price,106922.0435,2017,"Financial Year (Apr - Mar), 2017"
UTTARAKHAND,2017-18,2011-12,Current Price,178070.0,2017,"Financial Year (Apr - Mar), 2017"
ANDHRA PRADESH,2017-18,2011-12,Current Price,645026.6213,2017,"Financial Year (Apr - Mar), 2017"
TELANGANA,2017-18,2011-12,Constant Price,441477.46,2017,"Financial Year (Apr - Mar), 2017"
ANDHRA PRADESH,2018-19,2011-12,Current Price,700198.1829,2018,"Financial Year (Apr - Mar), 2018"
TELANGANA,2018-19,2011-12,Current Price,700559.7146,2018,"Financial Year (Apr - Mar), 2018"
TAMIL NADU,2018-19,2011-12,Current Price,1328281.553,2018,"Financial Year (Apr - Mar), 2018"
KARNATAKA,2018-19,2011-12,Constant Price,846501.2073,2018,"Financial Year (Apr - Mar), 2018"
PUNJAB,2018-19,2011-12,Constant Price,320454.15,2018,"Financial Year (Apr - Mar), 2018"
UTTARAKHAND,2018-19,2011-12,Constant Price,156450.0,2018,"Financial Year (Apr - Mar), 2018"
ASSAM,2018-19,2011-12,Current Price,249436.4364,2018,"Financial Year (Apr - Mar), 2018"
RAJASTHAN,2018-19,2011-12,Constant Price,534637.9046,2018,"Financial Year (Apr - Mar), 2018"
ORISSA,2018-19,2011-12,Current Price,388578.0,2018,"Financial Year (Apr - Mar), 2018"
UTTAR PRADESH,2018-19,2011-12,Current Price,1278528.944,2018,"Financial Year (Apr - Mar), 2018"
KARNATAKA,2018-19,2011-12,Current Price,1201929.578,2018,"Financial Year (Apr - Mar), 2018"
BIHAR,2018-19,2011-12,Current Price,465979.2277,2018,"Financial Year (Apr - Mar), 2018"
TELANGANA,2018-19,2011-12,Constant Price,484426.6987,2018,"Financial Year (Apr - Mar), 2018"
SIKKIM,2018-19,2011-12,Constant Price,14939.593,2018,"Financial Year (Apr - Mar), 2018"
NAGALAND,2018-19,2011-12,Current Price,22810.6949,2018,"Financial Year (Apr - Mar), 2018"
MADHYA PRADESH,2018-19,2011-12,Current Price,691049.77,2018,"Financial Year (Apr - Mar), 2018"
PUNJAB,2018-19,2011-12,Current Price,410697.2302,2018,"Financial Year (Apr - Mar), 2018"
RAJASTHAN,2018-19,2011-12,Current Price,772780.3554,2018,"Financial Year (Apr - Mar), 2018"
UTTAR PRADESH,2018-19,2011-12,Constant Price,912524.8427,2018,"Financial Year (Apr - Mar), 2018"
TAMIL NADU,2018-19,2011-12,Constant Price,947106.238,2018,"Financial Year (Apr - Mar), 2018"
ARUNACHAL PRADESH,2018-19,2011-12,Current Price,21777.54,2018,"Financial Year (Apr - Mar), 2018"
DELHI,2018-19,2011-12,Constant Price,434932.7676,2018,"Financial Year (Apr - Mar), 2018"
TRIPURA,2018-19,2011-12,Current Price,42990.36,2018,"Financial Year (Apr - Mar), 2018"
KERALA,2018-19,2011-12,Constant Price,444126.7194,2018,"Financial Year (Apr - Mar), 2018"
TRIPURA,2018-19,2011-12,Constant Price,31146.87,2018,"Financial Year (Apr - Mar), 2018"
HIMACHAL PRADESH,2018-19,2011-12,Current Price,118967.8922,2018,"Financial Year (Apr - Mar), 2018"
DELHI,2018-19,2011-12,Current Price,583363.4308,2018,"Financial Year (Apr - Mar), 2018"
HARYANA,2018-19,2011-12,Constant Price,404410.1198,2018,"Financial Year (Apr - Mar), 2018"
JHARKHAND,2018-19,2011-12,Current Price,253545.51,2018,"Financial Year (Apr - Mar), 2018"
HARYANA,2018-19,2011-12,Current Price,544863.1701,2018,"Financial Year (Apr - Mar), 2018"
JAMMU & KASHMIR,2018-19,2011-12,Constant Price,85479.4478,2018,"Financial Year (Apr - Mar), 2018"
MADHYA PRADESH,2018-19,2011-12,Constant Price,428793.98,2018,"Financial Year (Apr - Mar), 2018"
GOA,2018-19,2011-12,Constant Price,47469.6735,2018,"Financial Year (Apr - Mar), 2018"
CHANDIGARH,2018-19,2011-12,Current Price,32988.52,2018,"Financial Year (Apr - Mar), 2018"
MEGHALAYA,2018-19,2011-12,Current Price,26672.9151,2018,"Financial Year (Apr - Mar), 2018"
CHHATTISGARH,2018-19,2011-12,Constant Price,189815.75,2018,"Financial Year (Apr - Mar), 2018"
MAHARASHTRA,2018-19,2011-12,Current Price,1965230.25,2018,"Financial Year (Apr - Mar), 2018"
ARUNACHAL PRADESH,2018-19,2011-12,Constant Price,13931.25,2018,"Financial Year (Apr - Mar), 2018"
HIMACHAL PRADESH,2018-19,2011-12,Constant Price,93507.7389,2018,"Financial Year (Apr - Mar), 2018"
MAHARASHTRA,2018-19,2011-12,Constant Price,1541359.089,2018,"Financial Year (Apr - Mar), 2018"
BIHAR,2018-19,2011-12,Constant Price,331154.6513,2018,"Financial Year (Apr - Mar), 2018"
ANDAMAN & NICOBAR ISLANDS,2018-19,2011-12,Current Price,7396.2519,2018,"Financial Year (Apr - Mar), 2018"
PUDUCHERRY,2018-19,2011-12,Constant Price,21499.3033,2018,"Financial Year (Apr - Mar), 2018"
GUJARAT,2018-19,2011-12,Current Price,1139974.453,2018,"Financial Year (Apr - Mar), 2018"
MANIPUR,2018-19,2011-12,Constant Price,16509.29,2018,"Financial Year (Apr - Mar), 2018"
JHARKHAND,2018-19,2011-12,Constant Price,186046.36,2018,"Financial Year (Apr - Mar), 2018"
ASSAM,2018-19,2011-12,Constant Price,182508.3485,2018,"Financial Year (Apr - Mar), 2018"
MEGHALAYA,2018-19,2011-12,Constant Price,19340.4963,2018,"Financial Year (Apr - Mar), 2018"
MIZORAM,2018-19,2011-12,Current Price,18648.9804,2018,"Financial Year (Apr - Mar), 2018"
MANIPUR,2018-19,2011-12,Current Price,24411.42,2018,"Financial Year (Apr - Mar), 2018"
CHANDIGARH,2018-19,2011-12,Constant Price,25019.9,2018,"Financial Year (Apr - Mar), 2018"
SIKKIM,2018-19,2011-12,Current Price,23353.1069,2018,"Financial Year (Apr - Mar), 2018"
MIZORAM,2018-19,2011-12,Constant Price,13236.7125,2018,"Financial Year (Apr - Mar), 2018"
WEST BENGAL,2018-19,2011-12,Current Price,929278.3356,2018,"Financial Year (Apr - Mar), 2018"
PUDUCHERRY,2018-19,2011-12,Current Price,30557.3174,2018,"Financial Year (Apr - Mar), 2018"
CHHATTISGARH,2018-19,2011-12,Current Price,260149.68,2018,"Financial Year (Apr - Mar), 2018"
ANDHRA PRADESH,2018-19,2011-12,Constant Price,489140.0,2018,"Financial Year (Apr - Mar), 2018"
NAGALAND,2018-19,2011-12,Constant Price,14597.5229,2018,"Financial Year (Apr - Mar), 2018"
KERALA,2018-19,2011-12,Current Price,619370.5102,2018,"Financial Year (Apr - Mar), 2018"
GOA,2018-19,2011-12,Current Price,57651.6553,2018,"Financial Year (Apr - Mar), 2018"
GUJARAT,2018-19,2011-12,Constant Price,878403.5988,2018,"Financial Year (Apr - Mar), 2018"
WEST BENGAL,2018-19,2011-12,Constant Price,641293.4542,2018,"Financial Year (Apr - Mar), 2018"
JAMMU & KASHMIR,2018-19,2011-12,Current Price,122008.5122,2018,"Financial Year (Apr - Mar), 2018"
ORISSA,2018-19,2011-12,Constant Price,304266.0,2018,"Financial Year (Apr - Mar), 2018"
ANDAMAN & NICOBAR ISLANDS,2018-19,2011-12,Constant Price,5579.653,2018,"Financial Year (Apr - Mar), 2018"
UTTARAKHAND,2018-19,2011-12,Current Price,194915.0,2018,"Financial Year (Apr - Mar), 2018"
ANDHRA PRADESH,2019-20,2011-12,Constant Price,525267.0,2019,"Financial Year (Apr - Mar), 2019"
HIMACHAL PRADESH,2019-20,2011-12,Constant Price,97989.6391,2019,"Financial Year (Apr - Mar), 2019"
MEGHALAYA,2019-20,2011-12,Current Price,28519.3795,2019,"Financial Year (Apr - Mar), 2019"
TELANGANA,2019-20,2011-12,Current Price,785910.3879,2019,"Financial Year (Apr - Mar), 2019"
JAMMU & KASHMIR,2019-20,2011-12,Constant Price,87014.1205,2019,"Financial Year (Apr - Mar), 2019"
GOA,2019-20,2011-12,Constant Price,42722.0749,2019,"Financial Year (Apr - Mar), 2019"
HIMACHAL PRADESH,2019-20,2011-12,Current Price,129449.2739,2019,"Financial Year (Apr - Mar), 2019"
JHARKHAND,2019-20,2011-12,Constant Price,189533.72,2019,"Financial Year (Apr - Mar), 2019"
ANDHRA PRADESH,2019-20,2011-12,Current Price,780720.9135,2019,"Financial Year (Apr - Mar), 2019"
PUDUCHERRY,2019-20,2011-12,Current Price,31386.519,2019,"Financial Year (Apr - Mar), 2019"
KARNATAKA,2019-20,2011-12,Constant Price,892772.2303,2019,"Financial Year (Apr - Mar), 2019"
KARNATAKA,2019-20,2011-12,Current Price,1315148.115,2019,"Financial Year (Apr - Mar), 2019"
KERALA,2019-20,2011-12,Constant Price,454395.088,2019,"Financial Year (Apr - Mar), 2019"
RAJASTHAN,2019-20,2011-12,Current Price,837789.3389,2019,"Financial Year (Apr - Mar), 2019"
DELHI,2019-20,2011-12,Current Price,659603.8311,2019,"Financial Year (Apr - Mar), 2019"
HARYANA,2019-20,2011-12,Current Price,602498.5348,2019,"Financial Year (Apr - Mar), 2019"
MADHYA PRADESH,2019-20,2011-12,Constant Price,472020.71,2019,"Financial Year (Apr - Mar), 2019"
ANDAMAN & NICOBAR ISLANDS,2019-20,2011-12,Constant Price,5819.1636,2019,"Financial Year (Apr - Mar), 2019"
CHHATTISGARH,2019-20,2011-12,Constant Price,199825.12,2019,"Financial Year (Apr - Mar), 2019"
CHANDIGARH,2019-20,2011-12,Current Price,36363.86,2019,"Financial Year (Apr - Mar), 2019"
PUDUCHERRY,2019-20,2011-12,Constant Price,21248.8973,2019,"Financial Year (Apr - Mar), 2019"
MAHARASHTRA,2019-20,2011-12,Current Price,2152764.499,2019,"Financial Year (Apr - Mar), 2019"
MAHARASHTRA,2019-20,2011-12,Constant Price,1617967.672,2019,"Financial Year (Apr - Mar), 2019"
MANIPUR,2019-20,2011-12,Constant Price,17779.1447,2019,"Financial Year (Apr - Mar), 2019"
MIZORAM,2019-20,2011-12,Current Price,21716.8652,2019,"Financial Year (Apr - Mar), 2019"
ANDAMAN & NICOBAR ISLANDS,2019-20,2011-12,Current Price,7967.4215,2019,"Financial Year (Apr - Mar), 2019"
GUJARAT,2019-20,2011-12,Current Price,1245410.339,2019,"Financial Year (Apr - Mar), 2019"
MEGHALAYA,2019-20,2011-12,Constant Price,20362.77,2019,"Financial Year (Apr - Mar), 2019"
KERALA,2019-20,2011-12,Current Price,654711.5327,2019,"Financial Year (Apr - Mar), 2019"
MIZORAM,2019-20,2011-12,Constant Price,15062.4195,2019,"Financial Year (Apr - Mar), 2019"
WEST BENGAL,2019-20,2011-12,Current Price,1018660.58,2019,"Financial Year (Apr - Mar), 2019"
NAGALAND,2019-20,2011-12,Constant Price,14972.7204,2019,"Financial Year (Apr - Mar), 2019"
CHANDIGARH,2019-20,2011-12,Constant Price,26385.49,2019,"Financial Year (Apr - Mar), 2019"
GOA,2019-20,2011-12,Current Price,59835.8695,2019,"Financial Year (Apr - Mar), 2019"
ORISSA,2019-20,2011-12,Constant Price,314183.0,2019,"Financial Year (Apr - Mar), 2019"
UTTARAKHAND,2019-20,2011-12,Current Price,207785.0,2019,"Financial Year (Apr - Mar), 2019"
PUNJAB,2019-20,2011-12,Constant Price,332587.3636,2019,"Financial Year (Apr - Mar), 2019"
CHHATTISGARH,2019-20,2011-12,Current Price,282662.16,2019,"Financial Year (Apr - Mar), 2019"
RAJASTHAN,2019-20,2011-12,Constant Price,561217.8252,2019,"Financial Year (Apr - Mar), 2019"
NAGALAND,2019-20,2011-12,Current Price,25416.5547,2019,"Financial Year (Apr - Mar), 2019"
UTTAR PRADESH,2019-20,2011-12,Current Price,1354384.325,2019,"Financial Year (Apr - Mar), 2019"
SIKKIM,2019-20,2011-12,Constant Price,15812.8609,2019,"Financial Year (Apr - Mar), 2019"
BIHAR,2019-20,2011-12,Current Price,516906.4068,2019,"Financial Year (Apr - Mar), 2019"
TAMIL NADU,2019-20,2011-12,Constant Price,997767.6311,2019,"Financial Year (Apr - Mar), 2019"
TELANGANA,2019-20,2011-12,Constant Price,513416.4945,2019,"Financial Year (Apr - Mar), 2019"
TRIPURA,2019-20,2011-12,Current Price,48036.98,2019,"Financial Year (Apr - Mar), 2019"
TRIPURA,2019-20,2011-12,Constant Price,33912.81,2019,"Financial Year (Apr - Mar), 2019"
MADHYA PRADESH,2019-20,2011-12,Current Price,802765.55,2019,"Financial Year (Apr - Mar), 2019"
UTTAR PRADESH,2019-20,2011-12,Constant Price,949103.189,2019,"Financial Year (Apr - Mar), 2019"
ASSAM,2019-20,2011-12,Current Price,266745.4532,2019,"Financial Year (Apr - Mar), 2019"
UTTARAKHAND,2019-20,2011-12,Constant Price,162378.0,2019,"Financial Year (Apr - Mar), 2019"
TAMIL NADU,2019-20,2011-12,Current Price,1460662.409,2019,"Financial Year (Apr - Mar), 2019"
WEST BENGAL,2019-20,2011-12,Constant Price,680575.3218,2019,"Financial Year (Apr - Mar), 2019"
PUNJAB,2019-20,2011-12,Current Price,429055.9969,2019,"Financial Year (Apr - Mar), 2019"
SIKKIM,2019-20,2011-12,Current Price,25401.015,2019,"Financial Year (Apr - Mar), 2019"
MANIPUR,2019-20,2011-12,Current Price,28108.0155,2019,"Financial Year (Apr - Mar), 2019"
ASSAM,2019-20,2011-12,Constant Price,184283.2425,2019,"Financial Year (Apr - Mar), 2019"
JHARKHAND,2019-20,2011-12,Current Price,261913.97,2019,"Financial Year (Apr - Mar), 2019"
BIHAR,2019-20,2011-12,Constant Price,347548.3429,2019,"Financial Year (Apr - Mar), 2019"
ORISSA,2019-20,2011-12,Current Price,411233.0,2019,"Financial Year (Apr - Mar), 2019"
ARUNACHAL PRADESH,2019-20,2011-12,Constant Price,15225.09,2019,"Financial Year (Apr - Mar), 2019"
DELHI,2019-20,2011-12,Constant Price,472276.3675,2019,"Financial Year (Apr - Mar), 2019"
JAMMU & KASHMIR,2019-20,2011-12,Current Price,129424.1337,2019,"Financial Year (Apr - Mar), 2019"
GUJARAT,2019-20,2011-12,Constant Price,940869.3828,2019,"Financial Year (Apr - Mar), 2019"
ARUNACHAL PRADESH,2019-20,2011-12,Current Price,24613.0,2019,"Financial Year (Apr - Mar), 2019"
HARYANA,2019-20,2011-12,Constant Price,437077.5123,2019,"Financial Year (Apr - Mar), 2019"
UTTARAKHAND,2020-21,2011-12,Current Price,,2020,"Financial Year (Apr - Mar), 2020"
MAHARASHTRA,2020-21,2011-12,Current Price,,2020,"Financial Year (Apr - Mar), 2020"
PUNJAB,2020-21,2011-12,Constant Price,313719.1515,2020,"Financial Year (Apr - Mar), 2020"
GOA,2020-21,2011-12,Current Price,,2020,"Financial Year (Apr - Mar), 2020"
HIMACHAL PRADESH,2020-21,2011-12,Constant Price,91993.8144,2020,"Financial Year (Apr - Mar), 2020"
WEST BENGAL,2020-21,2011-12,Constant Price,689078.4082,2020,"Financial Year (Apr - Mar), 2020"
PUDUCHERRY,2020-21,2011-12,Current Price,29783.0905,2020,"Financial Year (Apr - Mar), 2020"
ORISSA,2020-21,2011-12,Constant Price,298945.0,2020,"Financial Year (Apr - Mar), 2020"
CHHATTISGARH,2020-21,2011-12,Current Price,288359.36,2020,"Financial Year (Apr - Mar), 2020"
JHARKHAND,2020-21,2011-12,Constant Price,179011.53,2020,"Financial Year (Apr - Mar), 2020"
TAMIL NADU,2020-21,2011-12,Current Price,1544935.266,2020,"Financial Year (Apr - Mar), 2020"
NAGALAND,2020-21,2011-12,Constant Price,,2020,"Financial Year (Apr - Mar), 2020"
RAJASTHAN,2020-21,2011-12,Current Price,804101.1413,2020,"Financial Year (Apr - Mar), 2020"
WEST BENGAL,2020-21,2011-12,Current Price,1104866.47,2020,"Financial Year (Apr - Mar), 2020"
ORISSA,2020-21,2011-12,Current Price,398662.0,2020,"Financial Year (Apr - Mar), 2020"
MIZORAM,2020-21,2011-12,Constant Price,,2020,"Financial Year (Apr - Mar), 2020"
ANDAMAN & NICOBAR ISLANDS,2020-21,2011-12,Constant Price,,2020,"Financial Year (Apr - Mar), 2020"
MANIPUR,2020-21,2011-12,Current Price,,2020,"Financial Year (Apr - Mar), 2020"
HIMACHAL PRADESH,2020-21,2011-12,Current Price,124830.4663,2020,"Financial Year (Apr - Mar), 2020"
KERALA,2020-21,2011-12,Current Price,,2020,"Financial Year (Apr - Mar), 2020"
ASSAM,2020-21,2011-12,Constant Price,,2020,"Financial Year (Apr - Mar), 2020"
MEGHALAYA,2020-21,2011-12,Current Price,27071.8363,2020,"Financial Year (Apr - Mar), 2020"
MEGHALAYA,2020-21,2011-12,Constant Price,18503.9457,2020,"Financial Year (Apr - Mar), 2020"
GUJARAT,2020-21,2011-12,Current Price,,2020,"Financial Year (Apr - Mar), 2020"
ANDAMAN & NICOBAR ISLANDS,2020-21,2011-12,Current Price,,2020,"Financial Year (Apr - Mar), 2020"
JHARKHAND,2020-21,2011-12,Current Price,258773.73,2020,"Financial Year (Apr - Mar), 2020"
KARNATAKA,2020-21,2011-12,Current Price,1340349.945,2020,"Financial Year (Apr - Mar), 2020"
DELHI,2020-21,2011-12,Constant Price,445521.2198,2020,"Financial Year (Apr - Mar), 2020"
ARUNACHAL PRADESH,2020-21,2011-12,Current Price,,2020,"Financial Year (Apr - Mar), 2020"
MANIPUR,2020-21,2011-12,Constant Price,,2020,"Financial Year (Apr - Mar), 2020"
BIHAR,2020-21,2011-12,Constant Price,349069.975,2020,"Financial Year (Apr - Mar), 2020"
JAMMU & KASHMIR,2020-21,2011-12,Current Price,132714.3828,2020,"Financial Year (Apr - Mar), 2020"
MIZORAM,2020-21,2011-12,Current Price,,2020,"Financial Year (Apr - Mar), 2020"
MAHARASHTRA,2020-21,2011-12,Constant Price,,2020,"Financial Year (Apr - Mar), 2020"
TELANGANA,2020-21,2011-12,Current Price,810502.7151,2020,"Financial Year (Apr - Mar), 2020"
CHANDIGARH,2020-21,2011-12,Current Price,,2020,"Financial Year (Apr - Mar), 2020"
HARYANA,2020-21,2011-12,Constant Price,414820.9815,2020,"Financial Year (Apr - Mar), 2020"
ANDHRA PRADESH,2020-21,2011-12,Constant Price,512923.0,2020,"Financial Year (Apr - Mar), 2020"
SIKKIM,2020-21,2011-12,Current Price,26968.077,2020,"Financial Year (Apr - Mar), 2020"
CHHATTISGARH,2020-21,2011-12,Constant Price,195260.83,2020,"Financial Year (Apr - Mar), 2020"
GOA,2020-21,2011-12,Constant Price,,2020,"Financial Year (Apr - Mar), 2020"
HARYANA,2020-21,2011-12,Current Price,591307.8957,2020,"Financial Year (Apr - Mar), 2020"
PUDUCHERRY,2020-21,2011-12,Constant Price,20356.815,2020,"Financial Year (Apr - Mar), 2020"
MADHYA PRADESH,2020-21,2011-12,Constant Price,447007.47,2020,"Financial Year (Apr - Mar), 2020"
ARUNACHAL PRADESH,2020-21,2011-12,Constant Price,,2020,"Financial Year (Apr - Mar), 2020"
DELHI,2020-21,2011-12,Current Price,633178.5697,2020,"Financial Year (Apr - Mar), 2020"
TRIPURA,2020-21,2011-12,Current Price,50148.2755,2020,"Financial Year (Apr - Mar), 2020"
KERALA,2020-21,2011-12,Constant Price,,2020,"Financial Year (Apr - Mar), 2020"
ANDHRA PRADESH,2020-21,2011-12,Current Price,800813.7591,2020,"Financial Year (Apr - Mar), 2020"
PUNJAB,2020-21,2011-12,Current Price,426719.4285,2020,"Financial Year (Apr - Mar), 2020"
TRIPURA,2020-21,2011-12,Constant Price,35137.1759,2020,"Financial Year (Apr - Mar), 2020"
UTTAR PRADESH,2020-21,2011-12,Constant Price,894443.22,2020,"Financial Year (Apr - Mar), 2020"
KARNATAKA,2020-21,2011-12,Constant Price,870209.1599,2020,"Financial Year (Apr - Mar), 2020"
TAMIL NADU,2020-21,2011-12,Constant Price,1011926.741,2020,"Financial Year (Apr - Mar), 2020"
BIHAR,2020-21,2011-12,Current Price,529137.9961,2020,"Financial Year (Apr - Mar), 2020"
TELANGANA,2020-21,2011-12,Constant Price,510464.7281,2020,"Financial Year (Apr - Mar), 2020"
MADHYA PRADESH,2020-21,2011-12,Current Price,774015.71,2020,"Financial Year (Apr - Mar), 2020"
UTTAR PRADESH,2020-21,2011-12,Current Price,1348892.09,2020,"Financial Year (Apr - Mar), 2020"
SIKKIM,2020-21,2011-12,Constant Price,16365.6528,2020,"Financial Year (Apr - Mar), 2020"
RAJASTHAN,2020-21,2011-12,Constant Price,527448.4324,2020,"Financial Year (Apr - Mar), 2020"
JAMMU & KASHMIR,2020-21,2011-12,Constant Price,86586.1358,2020,"Financial Year (Apr - Mar), 2020"
UTTARAKHAND,2020-21,2011-12,Constant Price,,2020,"Financial Year (Apr - Mar), 2020"
GUJARAT,2020-21,2011-12,Constant Price,,2020,"Financial Year (Apr - Mar), 2020"
NAGALAND,2020-21,2011-12,Current Price,,2020,"Financial Year (Apr - Mar), 2020"
CHANDIGARH,2020-21,2011-12,Constant Price,,2020,"Financial Year (Apr - Mar), 2020"
