srcStateName,Base Year - 2011-12,srcYear,Price type,Per capita net state domestic product for the base year 2011-12,YearCode,Year
PUNJAB,2011-12,2011-12,Current Prices,85577.00,2011,"Financial Year (Apr - Mar), 2011"
JAMMU & KASHMIR,2011-12,2011-12,Current Prices,53172.69,2011,"Financial Year (Apr - Mar), 2011"
CHHATTISGARH,2011-12,2011-12,Constant Prices,55176.82,2011,"Financial Year (Apr - Mar), 2011"
KARNATAKA,2011-12,2011-12,Constant Prices,90262.55,2011,"Financial Year (Apr - Mar), 2011"
MADHYA PRADESH,2011-12,2011-12,Current Prices,38497.00,2011,"Financial Year (Apr - Mar), 2011"
CHANDIGARH,2011-12,2011-12,Current Prices,158966.95,2011,"Financial Year (Apr - Mar), 2011"
CHANDIGARH,2011-12,2011-12,Constant Prices,158966.95,2011,"Financial Year (Apr - Mar), 2011"
RAJASTHAN,2011-12,2011-12,Constant Prices,57192.00,2011,"Financial Year (Apr - Mar), 2011"
KARNATAKA,2011-12,2011-12,Current Prices,90262.55,2011,"Financial Year (Apr - Mar), 2011"
MADHYA PRADESH,2011-12,2011-12,Constant Prices,38497.44,2011,"Financial Year (Apr - Mar), 2011"
KERALA,2011-12,2011-12,Current Prices,97912.42,2011,"Financial Year (Apr - Mar), 2011"
KERALA,2011-12,2011-12,Constant Prices,97912.42,2011,"Financial Year (Apr - Mar), 2011"
TRIPURA,2011-12,2011-12,Current Prices,47155.00,2011,"Financial Year (Apr - Mar), 2011"
UTTARAKHAND,2011-12,2011-12,Current Prices,100314.00,2011,"Financial Year (Apr - Mar), 2011"
TAMIL NADU,2011-12,2011-12,Constant Prices,93112.00,2011,"Financial Year (Apr - Mar), 2011"
UTTAR PRADESH,2011-12,2011-12,Constant Prices,32002.00,2011,"Financial Year (Apr - Mar), 2011"
PUNJAB,2011-12,2011-12,Constant Prices,85577.00,2011,"Financial Year (Apr - Mar), 2011"
ASSAM,2011-12,2011-12,Current Prices,41141.86,2011,"Financial Year (Apr - Mar), 2011"
ORISSA,2011-12,2011-12,Current Prices,48499.36,2011,"Financial Year (Apr - Mar), 2011"
BIHAR,2011-12,2011-12,Constant Prices,21749.85,2011,"Financial Year (Apr - Mar), 2011"
WEST BENGAL,2011-12,2011-12,Constant Prices,51543.00,2011,"Financial Year (Apr - Mar), 2011"
ORISSA,2011-12,2011-12,Constant Prices,48499.36,2011,"Financial Year (Apr - Mar), 2011"
UTTARAKHAND,2011-12,2011-12,Constant Prices,100314.00,2011,"Financial Year (Apr - Mar), 2011"
BIHAR,2011-12,2011-12,Current Prices,21749.85,2011,"Financial Year (Apr - Mar), 2011"
ARUNACHAL PRADESH,2011-12,2011-12,Current Prices,73540.00,2011,"Financial Year (Apr - Mar), 2011"
SIKKIM,2011-12,2011-12,Constant Prices,158667.00,2011,"Financial Year (Apr - Mar), 2011"
JHARKHAND,2011-12,2011-12,Constant Prices,41253.82,2011,"Financial Year (Apr - Mar), 2011"
SIKKIM,2011-12,2011-12,Current Prices,158667.00,2011,"Financial Year (Apr - Mar), 2011"
NAGALAND,2011-12,2011-12,Current Prices,53010.07,2011,"Financial Year (Apr - Mar), 2011"
JHARKHAND,2011-12,2011-12,Current Prices,41254.00,2011,"Financial Year (Apr - Mar), 2011"
NAGALAND,2011-12,2011-12,Constant Prices,53009.90,2011,"Financial Year (Apr - Mar), 2011"
GOA,2011-12,2011-12,Constant Prices,259444.00,2011,"Financial Year (Apr - Mar), 2011"
PUDUCHERRY,2011-12,2011-12,Constant Prices,119649.25,2011,"Financial Year (Apr - Mar), 2011"
MIZORAM,2011-12,2011-12,Current Prices,57654.03,2011,"Financial Year (Apr - Mar), 2011"
TAMIL NADU,2011-12,2011-12,Current Prices,93112.00,2011,"Financial Year (Apr - Mar), 2011"
GOA,2011-12,2011-12,Current Prices,259444.01,2011,"Financial Year (Apr - Mar), 2011"
WEST BENGAL,2011-12,2011-12,Current Prices,51543.00,2011,"Financial Year (Apr - Mar), 2011"
MIZORAM,2011-12,2011-12,Constant Prices,57654.03,2011,"Financial Year (Apr - Mar), 2011"
GUJARAT,2011-12,2011-12,Constant Prices,87480.62,2011,"Financial Year (Apr - Mar), 2011"
MEGHALAYA,2011-12,2011-12,Current Prices,60013.41,2011,"Financial Year (Apr - Mar), 2011"
MEGHALAYA,2011-12,2011-12,Constant Prices,60013.39,2011,"Financial Year (Apr - Mar), 2011"
GUJARAT,2011-12,2011-12,Current Prices,87480.62,2011,"Financial Year (Apr - Mar), 2011"
DELHI,2011-12,2011-12,Current Prices,185001.19,2011,"Financial Year (Apr - Mar), 2011"
ANDAMAN & NICOBAR ISLANDS,2011-12,2011-12,Constant Prices,89100.00,2011,"Financial Year (Apr - Mar), 2011"
MANIPUR,2011-12,2011-12,Current Prices,39761.69,2011,"Financial Year (Apr - Mar), 2011"
RAJASTHAN,2011-12,2011-12,Current Prices,57192.00,2011,"Financial Year (Apr - Mar), 2011"
HARYANA,2011-12,2011-12,Constant Prices,106084.70,2011,"Financial Year (Apr - Mar), 2011"
MANIPUR,2011-12,2011-12,Constant Prices,39761.68,2011,"Financial Year (Apr - Mar), 2011"
HARYANA,2011-12,2011-12,Current Prices,106084.70,2011,"Financial Year (Apr - Mar), 2011"
MAHARASHTRA,2011-12,2011-12,Current Prices,99597.29,2011,"Financial Year (Apr - Mar), 2011"
HIMACHAL PRADESH,2011-12,2011-12,Constant Prices,87720.98,2011,"Financial Year (Apr - Mar), 2011"
MAHARASHTRA,2011-12,2011-12,Constant Prices,99597.29,2011,"Financial Year (Apr - Mar), 2011"
HIMACHAL PRADESH,2011-12,2011-12,Current Prices,87720.99,2011,"Financial Year (Apr - Mar), 2011"
DELHI,2011-12,2011-12,Constant Prices,185001.19,2011,"Financial Year (Apr - Mar), 2011"
ARUNACHAL PRADESH,2011-12,2011-12,Constant Prices,73539.57,2011,"Financial Year (Apr - Mar), 2011"
ANDAMAN & NICOBAR ISLANDS,2011-12,2011-12,Current Prices,89100.00,2011,"Financial Year (Apr - Mar), 2011"
TRIPURA,2011-12,2011-12,Constant Prices,47155.00,2011,"Financial Year (Apr - Mar), 2011"
JAMMU & KASHMIR,2011-12,2011-12,Constant Prices,53172.69,2011,"Financial Year (Apr - Mar), 2011"
UTTAR PRADESH,2011-12,2011-12,Current Prices,32002.00,2011,"Financial Year (Apr - Mar), 2011"
CHHATTISGARH,2011-12,2011-12,Current Prices,55176.82,2011,"Financial Year (Apr - Mar), 2011"
ASSAM,2011-12,2011-12,Constant Prices,41141.86,2011,"Financial Year (Apr - Mar), 2011"
KERALA,2011-12,2012-13,Current Prices,110313.73,2012,"Financial Year (Apr - Mar), 2012"
BIHAR,2011-12,2012-13,Constant Prices,22201.33,2012,"Financial Year (Apr - Mar), 2012"
RAJASTHAN,2011-12,2012-13,Current Prices,63658.00,2012,"Financial Year (Apr - Mar), 2012"
MANIPUR,2011-12,2012-13,Current Prices,41230.32,2012,"Financial Year (Apr - Mar), 2012"
WEST BENGAL,2011-12,2012-13,Constant Prices,53157.00,2012,"Financial Year (Apr - Mar), 2012"
BIHAR,2011-12,2012-13,Current Prices,24487.15,2012,"Financial Year (Apr - Mar), 2012"
PUDUCHERRY,2011-12,2012-13,Current Prices,130548.35,2012,"Financial Year (Apr - Mar), 2012"
HARYANA,2011-12,2012-13,Current Prices,121268.82,2012,"Financial Year (Apr - Mar), 2012"
ORISSA,2011-12,2012-13,Constant Prices,51086.70,2012,"Financial Year (Apr - Mar), 2012"
JHARKHAND,2011-12,2012-13,Constant Prices,44175.81,2012,"Financial Year (Apr - Mar), 2012"
MANIPUR,2011-12,2012-13,Constant Prices,38953.60,2012,"Financial Year (Apr - Mar), 2012"
NAGALAND,2011-12,2012-13,Current Prices,61224.67,2012,"Financial Year (Apr - Mar), 2012"
ARUNACHAL PRADESH,2011-12,2012-13,Current Prices,82626.00,2012,"Financial Year (Apr - Mar), 2012"
JHARKHAND,2011-12,2012-13,Current Prices,47360.00,2012,"Financial Year (Apr - Mar), 2012"
UTTAR PRADESH,2011-12,2012-13,Current Prices,35812.12,2012,"Financial Year (Apr - Mar), 2012"
MAHARASHTRA,2011-12,2012-13,Current Prices,112092.37,2012,"Financial Year (Apr - Mar), 2012"
NAGALAND,2011-12,2012-13,Constant Prices,55482.19,2012,"Financial Year (Apr - Mar), 2012"
TAMIL NADU,2011-12,2012-13,Current Prices,105340.00,2012,"Financial Year (Apr - Mar), 2012"
GOA,2011-12,2012-13,Constant Prices,220019.33,2012,"Financial Year (Apr - Mar), 2012"
PUDUCHERRY,2011-12,2012-13,Constant Prices,119195.77,2012,"Financial Year (Apr - Mar), 2012"
HIMACHAL PRADESH,2011-12,2012-13,Constant Prices,92672.40,2012,"Financial Year (Apr - Mar), 2012"
WEST BENGAL,2011-12,2012-13,Current Prices,58195.00,2012,"Financial Year (Apr - Mar), 2012"
MIZORAM,2011-12,2012-13,Current Prices,65012.99,2012,"Financial Year (Apr - Mar), 2012"
GOA,2011-12,2012-13,Current Prices,234354.35,2012,"Financial Year (Apr - Mar), 2012"
SIKKIM,2011-12,2012-13,Constant Prices,160553.00,2012,"Financial Year (Apr - Mar), 2012"
ANDAMAN & NICOBAR ISLANDS,2011-12,2012-13,Current Prices,98777.00,2012,"Financial Year (Apr - Mar), 2012"
MIZORAM,2011-12,2012-13,Constant Prices,60261.41,2012,"Financial Year (Apr - Mar), 2012"
GUJARAT,2011-12,2012-13,Constant Prices,96682.84,2012,"Financial Year (Apr - Mar), 2012"
MAHARASHTRA,2011-12,2012-13,Constant Prices,104008.43,2012,"Financial Year (Apr - Mar), 2012"
MEGHALAYA,2011-12,2012-13,Current Prices,64035.63,2012,"Financial Year (Apr - Mar), 2012"
ARUNACHAL PRADESH,2011-12,2012-13,Constant Prices,73959.03,2012,"Financial Year (Apr - Mar), 2012"
CHHATTISGARH,2011-12,2012-13,Constant Prices,56776.57,2012,"Financial Year (Apr - Mar), 2012"
KARNATAKA,2011-12,2012-13,Constant Prices,94375.25,2012,"Financial Year (Apr - Mar), 2012"
TRIPURA,2011-12,2012-13,Constant Prices,50501.00,2012,"Financial Year (Apr - Mar), 2012"
ASSAM,2011-12,2012-13,Constant Prices,41609.39,2012,"Financial Year (Apr - Mar), 2012"
MADHYA PRADESH,2011-12,2012-13,Current Prices,44773.00,2012,"Financial Year (Apr - Mar), 2012"
CHANDIGARH,2011-12,2012-13,Constant Prices,169335.68,2012,"Financial Year (Apr - Mar), 2012"
GUJARAT,2011-12,2012-13,Current Prices,102826.24,2012,"Financial Year (Apr - Mar), 2012"
KARNATAKA,2011-12,2012-13,Current Prices,102319.16,2012,"Financial Year (Apr - Mar), 2012"
MEGHALAYA,2011-12,2012-13,Constant Prices,59703.11,2012,"Financial Year (Apr - Mar), 2012"
CHANDIGARH,2011-12,2012-13,Current Prices,180457.08,2012,"Financial Year (Apr - Mar), 2012"
HIMACHAL PRADESH,2011-12,2012-13,Current Prices,99730.36,2012,"Financial Year (Apr - Mar), 2012"
MADHYA PRADESH,2011-12,2012-13,Constant Prices,41141.98,2012,"Financial Year (Apr - Mar), 2012"
RAJASTHAN,2011-12,2012-13,Constant Prices,58441.00,2012,"Financial Year (Apr - Mar), 2012"
KERALA,2011-12,2012-13,Constant Prices,103550.76,2012,"Financial Year (Apr - Mar), 2012"
ANDAMAN & NICOBAR ISLANDS,2011-12,2012-13,Constant Prices,92643.89,2012,"Financial Year (Apr - Mar), 2012"
TRIPURA,2011-12,2012-13,Current Prices,52574.00,2012,"Financial Year (Apr - Mar), 2012"
JAMMU & KASHMIR,2011-12,2012-13,Constant Prices,52406.04,2012,"Financial Year (Apr - Mar), 2012"
TAMIL NADU,2011-12,2012-13,Constant Prices,97257.00,2012,"Financial Year (Apr - Mar), 2012"
UTTARAKHAND,2011-12,2012-13,Current Prices,113654.00,2012,"Financial Year (Apr - Mar), 2012"
CHHATTISGARH,2011-12,2012-13,Current Prices,60849.36,2012,"Financial Year (Apr - Mar), 2012"
DELHI,2011-12,2012-13,Constant Prices,192219.77,2012,"Financial Year (Apr - Mar), 2012"
UTTAR PRADESH,2011-12,2012-13,Constant Prices,32907.89,2012,"Financial Year (Apr - Mar), 2012"
JAMMU & KASHMIR,2011-12,2012-13,Current Prices,56828.40,2012,"Financial Year (Apr - Mar), 2012"
PUNJAB,2011-12,2012-13,Current Prices,94318.00,2012,"Financial Year (Apr - Mar), 2012"
UTTARAKHAND,2011-12,2012-13,Constant Prices,106358.70,2012,"Financial Year (Apr - Mar), 2012"
SIKKIM,2011-12,2012-13,Current Prices,174183.00,2012,"Financial Year (Apr - Mar), 2012"
HARYANA,2011-12,2012-13,Constant Prices,111780.04,2012,"Financial Year (Apr - Mar), 2012"
PUNJAB,2011-12,2012-13,Constant Prices,88915.00,2012,"Financial Year (Apr - Mar), 2012"
ASSAM,2011-12,2012-13,Current Prices,44599.18,2012,"Financial Year (Apr - Mar), 2012"
DELHI,2011-12,2012-13,Current Prices,205567.76,2012,"Financial Year (Apr - Mar), 2012"
ORISSA,2011-12,2012-13,Current Prices,55104.51,2012,"Financial Year (Apr - Mar), 2012"
TAMIL NADU,2011-12,2013-14,Constant Prices,102191.00,2013,"Financial Year (Apr - Mar), 2013"
BIHAR,2011-12,2013-14,Constant Prices,22776.43,2013,"Financial Year (Apr - Mar), 2013"
MEGHALAYA,2011-12,2013-14,Current Prices,65118.13,2013,"Financial Year (Apr - Mar), 2013"
DELHI,2011-12,2013-14,Current Prices,227899.69,2013,"Financial Year (Apr - Mar), 2013"
SIKKIM,2011-12,2013-14,Current Prices,194624.00,2013,"Financial Year (Apr - Mar), 2013"
ANDAMAN & NICOBAR ISLANDS,2011-12,2013-14,Constant Prices,98735.45,2013,"Financial Year (Apr - Mar), 2013"
KERALA,2011-12,2013-14,Current Prices,123387.70,2013,"Financial Year (Apr - Mar), 2013"
CHHATTISGARH,2011-12,2013-14,Constant Prices,61408.63,2013,"Financial Year (Apr - Mar), 2013"
MANIPUR,2011-12,2013-14,Current Prices,47797.50,2013,"Financial Year (Apr - Mar), 2013"
MAHARASHTRA,2011-12,2013-14,Constant Prices,109596.67,2013,"Financial Year (Apr - Mar), 2013"
RAJASTHAN,2011-12,2013-14,Current Prices,69480.00,2013,"Financial Year (Apr - Mar), 2013"
BIHAR,2011-12,2013-14,Current Prices,26948.45,2013,"Financial Year (Apr - Mar), 2013"
ARUNACHAL PRADESH,2011-12,2013-14,Constant Prices,78996.34,2013,"Financial Year (Apr - Mar), 2013"
HARYANA,2011-12,2013-14,Current Prices,137769.65,2013,"Financial Year (Apr - Mar), 2013"
CHANDIGARH,2011-12,2013-14,Constant Prices,180614.86,2013,"Financial Year (Apr - Mar), 2013"
PUDUCHERRY,2011-12,2013-14,Current Prices,148147.04,2013,"Financial Year (Apr - Mar), 2013"
UTTARAKHAND,2011-12,2013-14,Current Prices,126356.00,2013,"Financial Year (Apr - Mar), 2013"
KARNATAKA,2011-12,2013-14,Constant Prices,101857.51,2013,"Financial Year (Apr - Mar), 2013"
ORISSA,2011-12,2013-14,Constant Prices,54762.01,2013,"Financial Year (Apr - Mar), 2013"
CHHATTISGARH,2011-12,2013-14,Current Prices,69880.37,2013,"Financial Year (Apr - Mar), 2013"
UTTARAKHAND,2011-12,2013-14,Constant Prices,112900.29,2013,"Financial Year (Apr - Mar), 2013"
JHARKHAND,2011-12,2013-14,Constant Prices,43779.24,2013,"Financial Year (Apr - Mar), 2013"
TRIPURA,2011-12,2013-14,Current Prices,61815.00,2013,"Financial Year (Apr - Mar), 2013"
ASSAM,2011-12,2013-14,Current Prices,49733.89,2013,"Financial Year (Apr - Mar), 2013"
MANIPUR,2011-12,2013-14,Constant Prices,41441.45,2013,"Financial Year (Apr - Mar), 2013"
GUJARAT,2011-12,2013-14,Current Prices,113138.65,2013,"Financial Year (Apr - Mar), 2013"
NAGALAND,2011-12,2013-14,Current Prices,71510.36,2013,"Financial Year (Apr - Mar), 2013"
UTTAR PRADESH,2011-12,2013-14,Current Prices,40124.01,2013,"Financial Year (Apr - Mar), 2013"
TAMIL NADU,2011-12,2013-14,Current Prices,116960.00,2013,"Financial Year (Apr - Mar), 2013"
JHARKHAND,2011-12,2013-14,Current Prices,50006.00,2013,"Financial Year (Apr - Mar), 2013"
MADHYA PRADESH,2011-12,2013-14,Current Prices,51849.00,2013,"Financial Year (Apr - Mar), 2013"
PUNJAB,2011-12,2013-14,Current Prices,103831.00,2013,"Financial Year (Apr - Mar), 2013"
HIMACHAL PRADESH,2011-12,2013-14,Current Prices,114094.75,2013,"Financial Year (Apr - Mar), 2013"
NAGALAND,2011-12,2013-14,Constant Prices,58619.35,2013,"Financial Year (Apr - Mar), 2013"
ARUNACHAL PRADESH,2011-12,2013-14,Current Prices,94135.00,2013,"Financial Year (Apr - Mar), 2013"
WEST BENGAL,2011-12,2013-14,Current Prices,65932.00,2013,"Financial Year (Apr - Mar), 2013"
KARNATAKA,2011-12,2013-14,Current Prices,118829.33,2013,"Financial Year (Apr - Mar), 2013"
GOA,2011-12,2013-14,Constant Prices,188357.59,2013,"Financial Year (Apr - Mar), 2013"
RAJASTHAN,2011-12,2013-14,Constant Prices,61053.00,2013,"Financial Year (Apr - Mar), 2013"
TRIPURA,2011-12,2013-14,Constant Prices,54645.00,2013,"Financial Year (Apr - Mar), 2013"
HIMACHAL PRADESH,2011-12,2013-14,Constant Prices,98815.55,2013,"Financial Year (Apr - Mar), 2013"
DELHI,2011-12,2013-14,Constant Prices,200702.27,2013,"Financial Year (Apr - Mar), 2013"
ORISSA,2011-12,2013-14,Current Prices,61305.47,2013,"Financial Year (Apr - Mar), 2013"
CHANDIGARH,2011-12,2013-14,Current Prices,203356.34,2013,"Financial Year (Apr - Mar), 2013"
JAMMU & KASHMIR,2011-12,2013-14,Current Prices,61108.45,2013,"Financial Year (Apr - Mar), 2013"
WEST BENGAL,2011-12,2013-14,Constant Prices,53811.00,2013,"Financial Year (Apr - Mar), 2013"
MAHARASHTRA,2011-12,2013-14,Current Prices,125261.13,2013,"Financial Year (Apr - Mar), 2013"
GOA,2011-12,2013-14,Current Prices,215776.33,2013,"Financial Year (Apr - Mar), 2013"
UTTAR PRADESH,2011-12,2013-14,Constant Prices,34043.71,2013,"Financial Year (Apr - Mar), 2013"
ANDAMAN & NICOBAR ISLANDS,2011-12,2013-14,Current Prices,111087.00,2013,"Financial Year (Apr - Mar), 2013"
PUDUCHERRY,2011-12,2013-14,Constant Prices,129127.42,2013,"Financial Year (Apr - Mar), 2013"
MADHYA PRADESH,2011-12,2013-14,Constant Prices,42548.38,2013,"Financial Year (Apr - Mar), 2013"
MIZORAM,2011-12,2013-14,Current Prices,77584.11,2013,"Financial Year (Apr - Mar), 2013"
MEGHALAYA,2011-12,2013-14,Constant Prices,58681.18,2013,"Financial Year (Apr - Mar), 2013"
PUNJAB,2011-12,2013-14,Constant Prices,93238.00,2013,"Financial Year (Apr - Mar), 2013"
KERALA,2011-12,2013-14,Constant Prices,107845.94,2013,"Financial Year (Apr - Mar), 2013"
SIKKIM,2011-12,2013-14,Constant Prices,168897.00,2013,"Financial Year (Apr - Mar), 2013"
GUJARAT,2011-12,2013-14,Constant Prices,102588.97,2013,"Financial Year (Apr - Mar), 2013"
HARYANA,2011-12,2013-14,Constant Prices,119791.25,2013,"Financial Year (Apr - Mar), 2013"
JAMMU & KASHMIR,2011-12,2013-14,Constant Prices,54087.74,2013,"Financial Year (Apr - Mar), 2013"
MIZORAM,2011-12,2013-14,Constant Prices,67594.13,2013,"Financial Year (Apr - Mar), 2013"
ASSAM,2011-12,2013-14,Constant Prices,43002.10,2013,"Financial Year (Apr - Mar), 2013"
ASSAM,2011-12,2014-15,Constant Prices,44808.55,2014,"Financial Year (Apr - Mar), 2014"
TAMIL NADU,2011-12,2014-15,Constant Prices,107117.00,2014,"Financial Year (Apr - Mar), 2014"
UTTARAKHAND,2011-12,2014-15,Constant Prices,118978.82,2014,"Financial Year (Apr - Mar), 2014"
TAMIL NADU,2011-12,2014-15,Current Prices,129494.00,2014,"Financial Year (Apr - Mar), 2014"
TRIPURA,2011-12,2014-15,Constant Prices,63992.00,2014,"Financial Year (Apr - Mar), 2014"
TRIPURA,2011-12,2014-15,Current Prices,69857.00,2014,"Financial Year (Apr - Mar), 2014"
UTTAR PRADESH,2011-12,2014-15,Current Prices,42266.51,2014,"Financial Year (Apr - Mar), 2014"
UTTAR PRADESH,2011-12,2014-15,Constant Prices,34583.27,2014,"Financial Year (Apr - Mar), 2014"
ASSAM,2011-12,2014-15,Current Prices,52894.57,2014,"Financial Year (Apr - Mar), 2014"
BIHAR,2011-12,2014-15,Constant Prices,23222.80,2014,"Financial Year (Apr - Mar), 2014"
BIHAR,2011-12,2014-15,Current Prices,28670.62,2014,"Financial Year (Apr - Mar), 2014"
JHARKHAND,2011-12,2014-15,Constant Prices,48781.10,2014,"Financial Year (Apr - Mar), 2014"
PUDUCHERRY,2011-12,2014-15,Current Prices,146920.52,2014,"Financial Year (Apr - Mar), 2014"
JHARKHAND,2011-12,2014-15,Current Prices,57301.00,2014,"Financial Year (Apr - Mar), 2014"
GOA,2011-12,2014-15,Constant Prices,241081.48,2014,"Financial Year (Apr - Mar), 2014"
GOA,2011-12,2014-15,Current Prices,289184.55,2014,"Financial Year (Apr - Mar), 2014"
PUDUCHERRY,2011-12,2014-15,Constant Prices,117101.99,2014,"Financial Year (Apr - Mar), 2014"
GUJARAT,2011-12,2014-15,Constant Prices,111369.95,2014,"Financial Year (Apr - Mar), 2014"
GUJARAT,2011-12,2014-15,Current Prices,127016.59,2014,"Financial Year (Apr - Mar), 2014"
HARYANA,2011-12,2014-15,Constant Prices,125031.60,2014,"Financial Year (Apr - Mar), 2014"
HARYANA,2011-12,2014-15,Current Prices,147382.11,2014,"Financial Year (Apr - Mar), 2014"
DELHI,2011-12,2014-15,Current Prices,247209.05,2014,"Financial Year (Apr - Mar), 2014"
HIMACHAL PRADESH,2011-12,2014-15,Constant Prices,105241.37,2014,"Financial Year (Apr - Mar), 2014"
HIMACHAL PRADESH,2011-12,2014-15,Current Prices,123299.43,2014,"Financial Year (Apr - Mar), 2014"
JAMMU & KASHMIR,2011-12,2014-15,Constant Prices,50724.20,2014,"Financial Year (Apr - Mar), 2014"
DELHI,2011-12,2014-15,Constant Prices,213669.24,2014,"Financial Year (Apr - Mar), 2014"
JAMMU & KASHMIR,2011-12,2014-15,Current Prices,61210.77,2014,"Financial Year (Apr - Mar), 2014"
KARNATAKA,2011-12,2014-15,Constant Prices,105697.29,2014,"Financial Year (Apr - Mar), 2014"
KARNATAKA,2011-12,2014-15,Current Prices,130024.01,2014,"Financial Year (Apr - Mar), 2014"
KERALA,2011-12,2014-15,Constant Prices,112444.44,2014,"Financial Year (Apr - Mar), 2014"
CHANDIGARH,2011-12,2014-15,Current Prices,212594.25,2014,"Financial Year (Apr - Mar), 2014"
KERALA,2011-12,2014-15,Current Prices,135537.49,2014,"Financial Year (Apr - Mar), 2014"
MADHYA PRADESH,2011-12,2014-15,Constant Prices,44026.59,2014,"Financial Year (Apr - Mar), 2014"
ARUNACHAL PRADESH,2011-12,2014-15,Constant Prices,91034.10,2014,"Financial Year (Apr - Mar), 2014"
MADHYA PRADESH,2011-12,2014-15,Current Prices,55678.00,2014,"Financial Year (Apr - Mar), 2014"
CHANDIGARH,2011-12,2014-15,Constant Prices,182866.85,2014,"Financial Year (Apr - Mar), 2014"
CHHATTISGARH,2011-12,2014-15,Constant Prices,61122.32,2014,"Financial Year (Apr - Mar), 2014"
CHHATTISGARH,2011-12,2014-15,Current Prices,72935.96,2014,"Financial Year (Apr - Mar), 2014"
MAHARASHTRA,2011-12,2014-15,Constant Prices,115058.24,2014,"Financial Year (Apr - Mar), 2014"
MAHARASHTRA,2011-12,2014-15,Current Prices,132836.44,2014,"Financial Year (Apr - Mar), 2014"
ANDAMAN & NICOBAR ISLANDS,2011-12,2014-15,Current Prices,126344.00,2014,"Financial Year (Apr - Mar), 2014"
MANIPUR,2011-12,2014-15,Constant Prices,44100.57,2014,"Financial Year (Apr - Mar), 2014"
MANIPUR,2011-12,2014-15,Current Prices,52717.10,2014,"Financial Year (Apr - Mar), 2014"
MEGHALAYA,2011-12,2014-15,Constant Prices,55880.24,2014,"Financial Year (Apr - Mar), 2014"
ANDAMAN & NICOBAR ISLANDS,2011-12,2014-15,Constant Prices,106711.11,2014,"Financial Year (Apr - Mar), 2014"
MEGHALAYA,2011-12,2014-15,Current Prices,64637.51,2014,"Financial Year (Apr - Mar), 2014"
MIZORAM,2011-12,2014-15,Constant Prices,85055.68,2014,"Financial Year (Apr - Mar), 2014"
ARUNACHAL PRADESH,2011-12,2014-15,Current Prices,114789.00,2014,"Financial Year (Apr - Mar), 2014"
MIZORAM,2011-12,2014-15,Current Prices,103049.10,2014,"Financial Year (Apr - Mar), 2014"
NAGALAND,2011-12,2014-15,Constant Prices,60371.82,2014,"Financial Year (Apr - Mar), 2014"
WEST BENGAL,2011-12,2014-15,Current Prices,68876.00,2014,"Financial Year (Apr - Mar), 2014"
NAGALAND,2011-12,2014-15,Current Prices,78367.01,2014,"Financial Year (Apr - Mar), 2014"
ORISSA,2011-12,2014-15,Constant Prices,55122.72,2014,"Financial Year (Apr - Mar), 2014"
ORISSA,2011-12,2014-15,Current Prices,64232.94,2014,"Financial Year (Apr - Mar), 2014"
WEST BENGAL,2011-12,2014-15,Constant Prices,54520.00,2014,"Financial Year (Apr - Mar), 2014"
PUNJAB,2011-12,2014-15,Constant Prices,95807.00,2014,"Financial Year (Apr - Mar), 2014"
PUNJAB,2011-12,2014-15,Current Prices,108970.00,2014,"Financial Year (Apr - Mar), 2014"
RAJASTHAN,2011-12,2014-15,Constant Prices,64496.00,2014,"Financial Year (Apr - Mar), 2014"
UTTARAKHAND,2011-12,2014-15,Current Prices,136099.00,2014,"Financial Year (Apr - Mar), 2014"
RAJASTHAN,2011-12,2014-15,Current Prices,76429.00,2014,"Financial Year (Apr - Mar), 2014"
SIKKIM,2011-12,2014-15,Constant Prices,180675.00,2014,"Financial Year (Apr - Mar), 2014"
SIKKIM,2011-12,2014-15,Current Prices,214148.00,2014,"Financial Year (Apr - Mar), 2014"
TAMIL NADU,2011-12,2015-16,Constant Prices,115875.00,2015,"Financial Year (Apr - Mar), 2015"
ARUNACHAL PRADESH,2011-12,2015-16,Constant Prices,88768.18,2015,"Financial Year (Apr - Mar), 2015"
HIMACHAL PRADESH,2011-12,2015-16,Current Prices,135512.13,2015,"Financial Year (Apr - Mar), 2015"
BIHAR,2011-12,2015-16,Constant Prices,24064.26,2015,"Financial Year (Apr - Mar), 2015"
DELHI,2011-12,2015-16,Constant Prices,233115.33,2015,"Financial Year (Apr - Mar), 2015"
MEGHALAYA,2011-12,2015-16,Current Prices,68835.70,2015,"Financial Year (Apr - Mar), 2015"
SIKKIM,2011-12,2015-16,Constant Prices,195066.00,2015,"Financial Year (Apr - Mar), 2015"
ORISSA,2011-12,2015-16,Current Prices,65992.52,2015,"Financial Year (Apr - Mar), 2015"
KERALA,2011-12,2015-16,Constant Prices,120386.55,2015,"Financial Year (Apr - Mar), 2015"
CHANDIGARH,2011-12,2015-16,Current Prices,230008.94,2015,"Financial Year (Apr - Mar), 2015"
ANDAMAN & NICOBAR ISLANDS,2011-12,2015-16,Constant Prices,114660.18,2015,"Financial Year (Apr - Mar), 2015"
KARNATAKA,2011-12,2015-16,Constant Prices,116813.07,2015,"Financial Year (Apr - Mar), 2015"
ARUNACHAL PRADESH,2011-12,2015-16,Current Prices,116985.00,2015,"Financial Year (Apr - Mar), 2015"
BIHAR,2011-12,2015-16,Current Prices,30403.87,2015,"Financial Year (Apr - Mar), 2015"
UTTARAKHAND,2011-12,2015-16,Constant Prices,127249.17,2015,"Financial Year (Apr - Mar), 2015"
MIZORAM,2011-12,2015-16,Constant Prices,91844.83,2015,"Financial Year (Apr - Mar), 2015"
RAJASTHAN,2011-12,2015-16,Current Prices,83426.00,2015,"Financial Year (Apr - Mar), 2015"
PUDUCHERRY,2011-12,2015-16,Constant Prices,120999.75,2015,"Financial Year (Apr - Mar), 2015"
GUJARAT,2011-12,2015-16,Constant Prices,120683.38,2015,"Financial Year (Apr - Mar), 2015"
MAHARASHTRA,2011-12,2015-16,Current Prices,146814.85,2015,"Financial Year (Apr - Mar), 2015"
ASSAM,2011-12,2015-16,Constant Prices,50641.57,2015,"Financial Year (Apr - Mar), 2015"
ORISSA,2011-12,2015-16,Constant Prices,58838.00,2015,"Financial Year (Apr - Mar), 2015"
JHARKHAND,2011-12,2015-16,Constant Prices,44524.49,2015,"Financial Year (Apr - Mar), 2015"
PUDUCHERRY,2011-12,2015-16,Current Prices,172726.75,2015,"Financial Year (Apr - Mar), 2015"
KERALA,2011-12,2015-16,Current Prices,148132.63,2015,"Financial Year (Apr - Mar), 2015"
MIZORAM,2011-12,2015-16,Current Prices,114054.64,2015,"Financial Year (Apr - Mar), 2015"
CHHATTISGARH,2011-12,2015-16,Current Prices,72991.16,2015,"Financial Year (Apr - Mar), 2015"
NAGALAND,2011-12,2015-16,Current Prices,82465.67,2015,"Financial Year (Apr - Mar), 2015"
GOA,2011-12,2015-16,Current Prices,334576.10,2015,"Financial Year (Apr - Mar), 2015"
ANDHRA PRADESH,2011-12,2011-12,Constant Prices,69000.00,2011,"Financial Year (Apr - Mar), 2011"
ANDHRA PRADESH,2011-12,2011-12,Current Prices,69000.00,2011,"Financial Year (Apr - Mar), 2011"
ANDHRA PRADESH,2011-12,2012-13,Constant Prices,68865.00,2012,"Financial Year (Apr - Mar), 2012"
ANDHRA PRADESH,2011-12,2012-13,Current Prices,74687.00,2012,"Financial Year (Apr - Mar), 2012"
ANDHRA PRADESH,2011-12,2013-14,Current Prices,82870.00,2013,"Financial Year (Apr - Mar), 2013"
ANDHRA PRADESH,2011-12,2013-14,Constant Prices,72254.00,2013,"Financial Year (Apr - Mar), 2013"
ANDHRA PRADESH,2011-12,2014-15,Constant Prices,79174.00,2014,"Financial Year (Apr - Mar), 2014"
ANDHRA PRADESH,2011-12,2014-15,Current Prices,93903.00,2014,"Financial Year (Apr - Mar), 2014"
HIMACHAL PRADESH,2011-12,2015-16,Constant Prices,112722.70,2015,"Financial Year (Apr - Mar), 2015"
JHARKHAND,2011-12,2015-16,Current Prices,52754.00,2015,"Financial Year (Apr - Mar), 2015"
GOA,2011-12,2015-16,Constant Prices,278600.95,2015,"Financial Year (Apr - Mar), 2015"
TRIPURA,2011-12,2015-16,Constant Prices,61612.00,2015,"Financial Year (Apr - Mar), 2015"
WEST BENGAL,2011-12,2015-16,Current Prices,75992.00,2015,"Financial Year (Apr - Mar), 2015"
UTTARAKHAND,2011-12,2015-16,Current Prices,147936.00,2015,"Financial Year (Apr - Mar), 2015"
NAGALAND,2011-12,2015-16,Constant Prices,60662.97,2015,"Financial Year (Apr - Mar), 2015"
TAMIL NADU,2011-12,2015-16,Current Prices,142028.00,2015,"Financial Year (Apr - Mar), 2015"
ANDAMAN & NICOBAR ISLANDS,2011-12,2015-16,Current Prices,137064.00,2015,"Financial Year (Apr - Mar), 2015"
TRIPURA,2011-12,2015-16,Current Prices,84267.00,2015,"Financial Year (Apr - Mar), 2015"
RAJASTHAN,2011-12,2015-16,Constant Prices,68565.00,2015,"Financial Year (Apr - Mar), 2015"
JAMMU & KASHMIR,2011-12,2015-16,Current Prices,73215.42,2015,"Financial Year (Apr - Mar), 2015"
MANIPUR,2011-12,2015-16,Constant Prices,46388.67,2015,"Financial Year (Apr - Mar), 2015"
ANDHRA PRADESH,2011-12,2015-16,Constant Prices,88609.00,2015,"Financial Year (Apr - Mar), 2015"
DELHI,2011-12,2015-16,Current Prices,270261.15,2015,"Financial Year (Apr - Mar), 2015"
HARYANA,2011-12,2015-16,Current Prices,164962.65,2015,"Financial Year (Apr - Mar), 2015"
MADHYA PRADESH,2011-12,2015-16,Current Prices,62080.00,2015,"Financial Year (Apr - Mar), 2015"
UTTAR PRADESH,2011-12,2015-16,Constant Prices,36972.75,2015,"Financial Year (Apr - Mar), 2015"
KARNATAKA,2011-12,2015-16,Current Prices,148107.72,2015,"Financial Year (Apr - Mar), 2015"
UTTAR PRADESH,2011-12,2015-16,Current Prices,47118.01,2015,"Financial Year (Apr - Mar), 2015"
JAMMU & KASHMIR,2011-12,2015-16,Constant Prices,59967.50,2015,"Financial Year (Apr - Mar), 2015"
MANIPUR,2011-12,2015-16,Current Prices,55447.40,2015,"Financial Year (Apr - Mar), 2015"
TELANGANA,2011-12,2011-12,Constant Prices,91121.39,2011,"Financial Year (Apr - Mar), 2011"
PUDUCHERRY,2011-12,2011-12,Current Prices,119649.25,2011,"Financial Year (Apr - Mar), 2011"
TELANGANA,2011-12,2011-12,Current Prices,91121.39,2011,"Financial Year (Apr - Mar), 2011"
TELANGANA,2011-12,2012-13,Current Prices,101007.16,2012,"Financial Year (Apr - Mar), 2012"
TELANGANA,2011-12,2012-13,Constant Prices,92731.61,2012,"Financial Year (Apr - Mar), 2012"
TELANGANA,2011-12,2013-14,Constant Prices,96039.30,2013,"Financial Year (Apr - Mar), 2013"
TELANGANA,2011-12,2013-14,Current Prices,112162.22,2013,"Financial Year (Apr - Mar), 2013"
TELANGANA,2011-12,2014-15,Constant Prices,101424.34,2014,"Financial Year (Apr - Mar), 2014"
TELANGANA,2011-12,2014-15,Current Prices,124103.78,2014,"Financial Year (Apr - Mar), 2014"
TELANGANA,2011-12,2015-16,Current Prices,140839.76,2015,"Financial Year (Apr - Mar), 2015"
CHHATTISGARH,2011-12,2015-16,Constant Prices,61433.33,2015,"Financial Year (Apr - Mar), 2015"
MADHYA PRADESH,2011-12,2015-16,Constant Prices,47350.99,2015,"Financial Year (Apr - Mar), 2015"
PUNJAB,2011-12,2015-16,Current Prices,118858.00,2015,"Financial Year (Apr - Mar), 2015"
HARYANA,2011-12,2015-16,Constant Prices,137832.66,2015,"Financial Year (Apr - Mar), 2015"
CHANDIGARH,2011-12,2015-16,Constant Prices,195204.96,2015,"Financial Year (Apr - Mar), 2015"
WEST BENGAL,2011-12,2015-16,Constant Prices,57255.00,2015,"Financial Year (Apr - Mar), 2015"
ASSAM,2011-12,2015-16,Current Prices,60816.53,2015,"Financial Year (Apr - Mar), 2015"
SIKKIM,2011-12,2015-16,Current Prices,245987.00,2015,"Financial Year (Apr - Mar), 2015"
MAHARASHTRA,2011-12,2015-16,Constant Prices,122889.19,2015,"Financial Year (Apr - Mar), 2015"
MEGHALAYA,2011-12,2015-16,Constant Prices,56038.63,2015,"Financial Year (Apr - Mar), 2015"
PUNJAB,2011-12,2015-16,Constant Prices,100141.00,2015,"Financial Year (Apr - Mar), 2015"
ANDHRA PRADESH,2011-12,2015-16,Current Prices,108002.00,2015,"Financial Year (Apr - Mar), 2015"
TELANGANA,2011-12,2015-16,Constant Prices,112267.03,2015,"Financial Year (Apr - Mar), 2015"
GUJARAT,2011-12,2015-16,Current Prices,139253.97,2015,"Financial Year (Apr - Mar), 2015"
ANDHRA PRADESH,2011-12,2016-17,Constant Prices,94114.57,2016,"Financial Year (Apr - Mar), 2016"
DELHI,2011-12,2016-17,Constant Prices,244254.62,2016,"Financial Year (Apr - Mar), 2016"
CHANDIGARH,2011-12,2016-17,Constant Prices,208230.57,2016,"Financial Year (Apr - Mar), 2016"
CHHATTISGARH,2011-12,2016-17,Current Prices,83285.00,2016,"Financial Year (Apr - Mar), 2016"
JAMMU & KASHMIR,2011-12,2016-17,Current Prices,76633.96,2016,"Financial Year (Apr - Mar), 2016"
JAMMU & KASHMIR,2011-12,2016-17,Constant Prices,60556.74,2016,"Financial Year (Apr - Mar), 2016"
MAHARASHTRA,2011-12,2016-17,Constant Prices,133686.29,2016,"Financial Year (Apr - Mar), 2016"
TRIPURA,2011-12,2016-17,Constant Prices,69860.00,2016,"Financial Year (Apr - Mar), 2016"
HIMACHAL PRADESH,2011-12,2016-17,Current Prices,150290.00,2016,"Financial Year (Apr - Mar), 2016"
TELANGANA,2011-12,2016-17,Current Prices,159395.24,2016,"Financial Year (Apr - Mar), 2016"
MAHARASHTRA,2011-12,2016-17,Current Prices,163726.04,2016,"Financial Year (Apr - Mar), 2016"
DELHI,2011-12,2016-17,Current Prices,295558.05,2016,"Financial Year (Apr - Mar), 2016"
HIMACHAL PRADESH,2011-12,2016-17,Constant Prices,122208.00,2016,"Financial Year (Apr - Mar), 2016"
MANIPUR,2011-12,2016-17,Constant Prices,47150.81,2016,"Financial Year (Apr - Mar), 2016"
UTTARAKHAND,2011-12,2016-17,Current Prices,161752.00,2016,"Financial Year (Apr - Mar), 2016"
ANDAMAN & NICOBAR ISLANDS,2011-12,2016-17,Current Prices,153904.00,2016,"Financial Year (Apr - Mar), 2016"
CHHATTISGARH,2011-12,2016-17,Constant Prices,67139.00,2016,"Financial Year (Apr - Mar), 2016"
MANIPUR,2011-12,2016-17,Current Prices,59345.11,2016,"Financial Year (Apr - Mar), 2016"
ASSAM,2011-12,2016-17,Constant Prices,53575.08,2016,"Financial Year (Apr - Mar), 2016"
HARYANA,2011-12,2016-17,Current Prices,184982.00,2016,"Financial Year (Apr - Mar), 2016"
HARYANA,2011-12,2016-17,Constant Prices,150259.12,2016,"Financial Year (Apr - Mar), 2016"
MEGHALAYA,2011-12,2016-17,Constant Prices,57751.75,2016,"Financial Year (Apr - Mar), 2016"
GUJARAT,2011-12,2016-17,Current Prices,156294.97,2016,"Financial Year (Apr - Mar), 2016"
SIKKIM,2011-12,2016-17,Constant Prices,207354.64,2016,"Financial Year (Apr - Mar), 2016"
ARUNACHAL PRADESH,2011-12,2016-17,Current Prices,124129.38,2016,"Financial Year (Apr - Mar), 2016"
MEGHALAYA,2011-12,2016-17,Current Prices,73753.23,2016,"Financial Year (Apr - Mar), 2016"
ANDHRA PRADESH,2011-12,2016-17,Current Prices,120676.50,2016,"Financial Year (Apr - Mar), 2016"
PUDUCHERRY,2011-12,2016-17,Constant Prices,126556.33,2016,"Financial Year (Apr - Mar), 2016"
ANDAMAN & NICOBAR ISLANDS,2011-12,2016-17,Constant Prices,129532.24,2016,"Financial Year (Apr - Mar), 2016"
MIZORAM,2011-12,2016-17,Constant Prices,99088.74,2016,"Financial Year (Apr - Mar), 2016"
TAMIL NADU,2011-12,2016-17,Constant Prices,123205.77,2016,"Financial Year (Apr - Mar), 2016"
GUJARAT,2011-12,2016-17,Constant Prices,129737.63,2016,"Financial Year (Apr - Mar), 2016"
MIZORAM,2011-12,2016-17,Current Prices,127107.23,2016,"Financial Year (Apr - Mar), 2016"
UTTARAKHAND,2011-12,2016-17,Constant Prices,138784.45,2016,"Financial Year (Apr - Mar), 2016"
GOA,2011-12,2016-17,Current Prices,378952.86,2016,"Financial Year (Apr - Mar), 2016"
GOA,2011-12,2016-17,Constant Prices,305875.20,2016,"Financial Year (Apr - Mar), 2016"
NAGALAND,2011-12,2016-17,Constant Prices,64258.67,2016,"Financial Year (Apr - Mar), 2016"
PUDUCHERRY,2011-12,2016-17,Current Prices,187356.50,2016,"Financial Year (Apr - Mar), 2016"
NAGALAND,2011-12,2016-17,Current Prices,91347.46,2016,"Financial Year (Apr - Mar), 2016"
TAMIL NADU,2011-12,2016-17,Current Prices,156595.09,2016,"Financial Year (Apr - Mar), 2016"
JHARKHAND,2011-12,2016-17,Current Prices,60018.00,2016,"Financial Year (Apr - Mar), 2016"
WEST BENGAL,2011-12,2016-17,Current Prices,82291.00,2016,"Financial Year (Apr - Mar), 2016"
ORISSA,2011-12,2016-17,Constant Prices,67851.12,2016,"Financial Year (Apr - Mar), 2016"
JHARKHAND,2011-12,2016-17,Constant Prices,48826.00,2016,"Financial Year (Apr - Mar), 2016"
BIHAR,2011-12,2016-17,Current Prices,34044.90,2016,"Financial Year (Apr - Mar), 2016"
ORISSA,2011-12,2016-17,Current Prices,79181.00,2016,"Financial Year (Apr - Mar), 2016"
BIHAR,2011-12,2016-17,Constant Prices,25455.42,2016,"Financial Year (Apr - Mar), 2016"
TELANGANA,2011-12,2016-17,Constant Prices,121512.09,2016,"Financial Year (Apr - Mar), 2016"
SIKKIM,2011-12,2016-17,Current Prices,280729.07,2016,"Financial Year (Apr - Mar), 2016"
PUNJAB,2011-12,2016-17,Constant Prices,105848.46,2016,"Financial Year (Apr - Mar), 2016"
ASSAM,2011-12,2016-17,Current Prices,66329.60,2016,"Financial Year (Apr - Mar), 2016"
WEST BENGAL,2011-12,2016-17,Constant Prices,60618.00,2016,"Financial Year (Apr - Mar), 2016"
PUNJAB,2011-12,2016-17,Current Prices,128780.47,2016,"Financial Year (Apr - Mar), 2016"
UTTAR PRADESH,2011-12,2016-17,Current Prices,52671.00,2016,"Financial Year (Apr - Mar), 2016"
UTTAR PRADESH,2011-12,2016-17,Constant Prices,40847.02,2016,"Financial Year (Apr - Mar), 2016"
RAJASTHAN,2011-12,2016-17,Constant Prices,71323.96,2016,"Financial Year (Apr - Mar), 2016"
TRIPURA,2011-12,2016-17,Current Prices,91596.00,2016,"Financial Year (Apr - Mar), 2016"
KERALA,2011-12,2016-17,Current Prices,166245.88,2016,"Financial Year (Apr - Mar), 2016"
ARUNACHAL PRADESH,2011-12,2016-17,Constant Prices,91318.54,2016,"Financial Year (Apr - Mar), 2016"
CHANDIGARH,2011-12,2016-17,Current Prices,252236.21,2016,"Financial Year (Apr - Mar), 2016"
MADHYA PRADESH,2011-12,2016-17,Constant Prices,52781.51,2016,"Financial Year (Apr - Mar), 2016"
KERALA,2011-12,2016-17,Constant Prices,129250.63,2016,"Financial Year (Apr - Mar), 2016"
KARNATAKA,2011-12,2016-17,Current Prices,169898.00,2016,"Financial Year (Apr - Mar), 2016"
MADHYA PRADESH,2011-12,2016-17,Current Prices,74324.14,2016,"Financial Year (Apr - Mar), 2016"
RAJASTHAN,2011-12,2016-17,Current Prices,91924.00,2016,"Financial Year (Apr - Mar), 2016"
KARNATAKA,2011-12,2016-17,Constant Prices,131186.39,2016,"Financial Year (Apr - Mar), 2016"
SIKKIM,2011-12,2017-18,Current Prices,349162.77,2017,"Financial Year (Apr - Mar), 2017"
MEGHALAYA,2011-12,2017-18,Current Prices,77504.17,2017,"Financial Year (Apr - Mar), 2017"
ANDHRA PRADESH,2011-12,2017-18,Constant Prices,103177.38,2017,"Financial Year (Apr - Mar), 2017"
BIHAR,2011-12,2017-18,Constant Prices,26719.30,2017,"Financial Year (Apr - Mar), 2017"
MAHARASHTRA,2011-12,2017-18,Constant Prices,139957.71,2017,"Financial Year (Apr - Mar), 2017"
ASSAM,2011-12,2017-18,Constant Prices,57834.93,2017,"Financial Year (Apr - Mar), 2017"
PUDUCHERRY,2011-12,2017-18,Constant Prices,134869.67,2017,"Financial Year (Apr - Mar), 2017"
PUNJAB,2011-12,2017-18,Constant Prices,110857.49,2017,"Financial Year (Apr - Mar), 2017"
DELHI,2011-12,2017-18,Constant Prices,252960.08,2017,"Financial Year (Apr - Mar), 2017"
SIKKIM,2011-12,2017-18,Constant Prices,232482.55,2017,"Financial Year (Apr - Mar), 2017"
MEGHALAYA,2011-12,2017-18,Constant Prices,58493.07,2017,"Financial Year (Apr - Mar), 2017"
ARUNACHAL PRADESH,2011-12,2017-18,Current Prices,138835.85,2017,"Financial Year (Apr - Mar), 2017"
KERALA,2011-12,2017-18,Constant Prices,137181.18,2017,"Financial Year (Apr - Mar), 2017"
ASSAM,2011-12,2017-18,Current Prices,75151.47,2017,"Financial Year (Apr - Mar), 2017"
HARYANA,2011-12,2017-18,Constant Prices,158039.43,2017,"Financial Year (Apr - Mar), 2017"
ARUNACHAL PRADESH,2011-12,2017-18,Constant Prices,94012.69,2017,"Financial Year (Apr - Mar), 2017"
WEST BENGAL,2011-12,2017-18,Constant Prices,64007.02,2017,"Financial Year (Apr - Mar), 2017"
PUNJAB,2011-12,2017-18,Current Prices,139834.64,2017,"Financial Year (Apr - Mar), 2017"
CHANDIGARH,2011-12,2017-18,Constant Prices,218200.69,2017,"Financial Year (Apr - Mar), 2017"
HARYANA,2011-12,2017-18,Current Prices,210592.34,2017,"Financial Year (Apr - Mar), 2017"
TAMIL NADU,2011-12,2017-18,Constant Prices,133028.55,2017,"Financial Year (Apr - Mar), 2017"
UTTAR PRADESH,2011-12,2017-18,Current Prices,56861.18,2017,"Financial Year (Apr - Mar), 2017"
CHHATTISGARH,2011-12,2017-18,Current Prices,89690.27,2017,"Financial Year (Apr - Mar), 2017"
MANIPUR,2011-12,2017-18,Current Prices,71507.30,2017,"Financial Year (Apr - Mar), 2017"
ANDAMAN & NICOBAR ISLANDS,2011-12,2017-18,Current Prices,178709.00,2017,"Financial Year (Apr - Mar), 2017"
RAJASTHAN,2011-12,2017-18,Current Prices,98188.45,2017,"Financial Year (Apr - Mar), 2017"
HIMACHAL PRADESH,2011-12,2017-18,Constant Prices,129303.16,2017,"Financial Year (Apr - Mar), 2017"
RAJASTHAN,2011-12,2017-18,Constant Prices,73108.96,2017,"Financial Year (Apr - Mar), 2017"
MADHYA PRADESH,2011-12,2017-18,Current Prices,81972.75,2017,"Financial Year (Apr - Mar), 2017"
MANIPUR,2011-12,2017-18,Constant Prices,51210.76,2017,"Financial Year (Apr - Mar), 2017"
TAMIL NADU,2011-12,2017-18,Current Prices,175275.51,2017,"Financial Year (Apr - Mar), 2017"
UTTAR PRADESH,2011-12,2017-18,Constant Prices,41832.21,2017,"Financial Year (Apr - Mar), 2017"
TELANGANA,2011-12,2017-18,Current Prices,179358.33,2017,"Financial Year (Apr - Mar), 2017"
KARNATAKA,2011-12,2017-18,Constant Prices,141229.35,2017,"Financial Year (Apr - Mar), 2017"
TRIPURA,2011-12,2017-18,Current Prices,100444.01,2017,"Financial Year (Apr - Mar), 2017"
KERALA,2011-12,2017-18,Current Prices,183251.67,2017,"Financial Year (Apr - Mar), 2017"
JAMMU & KASHMIR,2011-12,2017-18,Current Prices,84470.62,2017,"Financial Year (Apr - Mar), 2017"
GOA,2011-12,2017-18,Constant Prices,308296.31,2017,"Financial Year (Apr - Mar), 2017"
PUDUCHERRY,2011-12,2017-18,Current Prices,198364.35,2017,"Financial Year (Apr - Mar), 2017"
TRIPURA,2011-12,2017-18,Constant Prices,75019.53,2017,"Financial Year (Apr - Mar), 2017"
UTTARAKHAND,2011-12,2017-18,Current Prices,180613.00,2017,"Financial Year (Apr - Mar), 2017"
NAGALAND,2011-12,2017-18,Constant Prices,66813.36,2017,"Financial Year (Apr - Mar), 2017"
GOA,2011-12,2017-18,Current Prices,411739.84,2017,"Financial Year (Apr - Mar), 2017"
NAGALAND,2011-12,2017-18,Current Prices,102003.25,2017,"Financial Year (Apr - Mar), 2017"
MAHARASHTRA,2011-12,2017-18,Current Prices,172663.12,2017,"Financial Year (Apr - Mar), 2017"
ANDHRA PRADESH,2011-12,2017-18,Current Prices,138298.65,2017,"Financial Year (Apr - Mar), 2017"
CHHATTISGARH,2011-12,2017-18,Constant Prices,68374.16,2017,"Financial Year (Apr - Mar), 2017"
DELHI,2011-12,2017-18,Current Prices,318323.08,2017,"Financial Year (Apr - Mar), 2017"
JHARKHAND,2011-12,2017-18,Current Prices,67483.91,2017,"Financial Year (Apr - Mar), 2017"
MIZORAM,2011-12,2017-18,Current Prices,155222.29,2017,"Financial Year (Apr - Mar), 2017"
HIMACHAL PRADESH,2011-12,2017-18,Current Prices,165496.90,2017,"Financial Year (Apr - Mar), 2017"
WEST BENGAL,2011-12,2017-18,Current Prices,91400.96,2017,"Financial Year (Apr - Mar), 2017"
UTTARAKHAND,2011-12,2017-18,Constant Prices,148090.47,2017,"Financial Year (Apr - Mar), 2017"
ORISSA,2011-12,2017-18,Constant Prices,72922.46,2017,"Financial Year (Apr - Mar), 2017"
KARNATAKA,2011-12,2017-18,Current Prices,186404.79,2017,"Financial Year (Apr - Mar), 2017"
GUJARAT,2011-12,2017-18,Constant Prices,143604.44,2017,"Financial Year (Apr - Mar), 2017"
ANDAMAN & NICOBAR ISLANDS,2011-12,2017-18,Constant Prices,145561.66,2017,"Financial Year (Apr - Mar), 2017"
CHANDIGARH,2011-12,2017-18,Current Prices,280512.17,2017,"Financial Year (Apr - Mar), 2017"
JHARKHAND,2011-12,2017-18,Constant Prices,52276.67,2017,"Financial Year (Apr - Mar), 2017"
MIZORAM,2011-12,2017-18,Constant Prices,117271.60,2017,"Financial Year (Apr - Mar), 2017"
JAMMU & KASHMIR,2011-12,2017-18,Constant Prices,63195.27,2017,"Financial Year (Apr - Mar), 2017"
BIHAR,2011-12,2017-18,Current Prices,36849.78,2017,"Financial Year (Apr - Mar), 2017"
TELANGANA,2011-12,2017-18,Constant Prices,131502.72,2017,"Financial Year (Apr - Mar), 2017"
ORISSA,2011-12,2017-18,Current Prices,89353.00,2017,"Financial Year (Apr - Mar), 2017"
MADHYA PRADESH,2011-12,2017-18,Constant Prices,54829.49,2017,"Financial Year (Apr - Mar), 2017"
GUJARAT,2011-12,2017-18,Current Prices,176961.39,2017,"Financial Year (Apr - Mar), 2017"
PUNJAB,2011-12,2018-19,Current Prices,149973.97,2018,"Financial Year (Apr - Mar), 2018"
ANDHRA PRADESH,2011-12,2018-19,Constant Prices,107286.46,2018,"Financial Year (Apr - Mar), 2018"
ANDHRA PRADESH,2011-12,2018-19,Current Prices,152285.70,2018,"Financial Year (Apr - Mar), 2018"
ARUNACHAL PRADESH,2011-12,2018-19,Constant Prices,99241.91,2018,"Financial Year (Apr - Mar), 2018"
ARUNACHAL PRADESH,2011-12,2018-19,Current Prices,154651.60,2018,"Financial Year (Apr - Mar), 2018"
ASSAM,2011-12,2018-19,Constant Prices,59942.89,2018,"Financial Year (Apr - Mar), 2018"
ASSAM,2011-12,2018-19,Current Prices,81033.70,2018,"Financial Year (Apr - Mar), 2018"
BIHAR,2011-12,2018-19,Constant Prices,29091.70,2018,"Financial Year (Apr - Mar), 2018"
BIHAR,2011-12,2018-19,Current Prices,40714.92,2018,"Financial Year (Apr - Mar), 2018"
JHARKHAND,2011-12,2018-19,Constant Prices,56132.72,2018,"Financial Year (Apr - Mar), 2018"
JHARKHAND,2011-12,2018-19,Current Prices,75421.47,2018,"Financial Year (Apr - Mar), 2018"
GOA,2011-12,2018-19,Constant Prices,337031.34,2018,"Financial Year (Apr - Mar), 2018"
GOA,2011-12,2018-19,Current Prices,423715.66,2018,"Financial Year (Apr - Mar), 2018"
GUJARAT,2011-12,2018-19,Constant Prices,154887.25,2018,"Financial Year (Apr - Mar), 2018"
GUJARAT,2011-12,2018-19,Current Prices,197456.87,2018,"Financial Year (Apr - Mar), 2018"
HARYANA,2011-12,2018-19,Constant Prices,164975.88,2018,"Financial Year (Apr - Mar), 2018"
HARYANA,2011-12,2018-19,Current Prices,226408.54,2018,"Financial Year (Apr - Mar), 2018"
HIMACHAL PRADESH,2011-12,2018-19,Constant Prices,136663.60,2018,"Financial Year (Apr - Mar), 2018"
HIMACHAL PRADESH,2011-12,2018-19,Current Prices,176458.99,2018,"Financial Year (Apr - Mar), 2018"
JAMMU & KASHMIR,2011-12,2018-19,Constant Prices,67696.51,2018,"Financial Year (Apr - Mar), 2018"
JAMMU & KASHMIR,2011-12,2018-19,Current Prices,95447.90,2018,"Financial Year (Apr - Mar), 2018"
KARNATAKA,2011-12,2018-19,Constant Prices,148690.29,2018,"Financial Year (Apr - Mar), 2018"
KARNATAKA,2011-12,2018-19,Current Prices,205697.10,2018,"Financial Year (Apr - Mar), 2018"
KERALA,2011-12,2018-19,Constant Prices,145521.06,2018,"Financial Year (Apr - Mar), 2018"
KERALA,2011-12,2018-19,Current Prices,205657.23,2018,"Financial Year (Apr - Mar), 2018"
MADHYA PRADESH,2011-12,2018-19,Constant Prices,57401.16,2018,"Financial Year (Apr - Mar), 2018"
MADHYA PRADESH,2011-12,2018-19,Current Prices,90486.58,2018,"Financial Year (Apr - Mar), 2018"
CHHATTISGARH,2011-12,2018-19,Constant Prices,72536.84,2018,"Financial Year (Apr - Mar), 2018"
CHHATTISGARH,2011-12,2018-19,Current Prices,98254.24,2018,"Financial Year (Apr - Mar), 2018"
MAHARASHTRA,2011-12,2018-19,Constant Prices,147097.46,2018,"Financial Year (Apr - Mar), 2018"
MAHARASHTRA,2011-12,2018-19,Current Prices,187117.76,2018,"Financial Year (Apr - Mar), 2018"
MANIPUR,2011-12,2018-19,Constant Prices,51179.70,2018,"Financial Year (Apr - Mar), 2018"
MANIPUR,2011-12,2018-19,Current Prices,75229.11,2018,"Financial Year (Apr - Mar), 2018"
MEGHALAYA,2011-12,2018-19,Constant Prices,60131.77,2018,"Financial Year (Apr - Mar), 2018"
MEGHALAYA,2011-12,2018-19,Current Prices,82652.84,2018,"Financial Year (Apr - Mar), 2018"
MIZORAM,2011-12,2018-19,Constant Prices,118794.79,2018,"Financial Year (Apr - Mar), 2018"
MIZORAM,2011-12,2018-19,Current Prices,164429.43,2018,"Financial Year (Apr - Mar), 2018"
NAGALAND,2011-12,2018-19,Constant Prices,70217.83,2018,"Financial Year (Apr - Mar), 2018"
NAGALAND,2011-12,2018-19,Current Prices,109197.64,2018,"Financial Year (Apr - Mar), 2018"
ORISSA,2011-12,2018-19,Constant Prices,77530.62,2018,"Financial Year (Apr - Mar), 2018"
ORISSA,2011-12,2018-19,Current Prices,100771.00,2018,"Financial Year (Apr - Mar), 2018"
PUNJAB,2011-12,2018-19,Constant Prices,115783.63,2018,"Financial Year (Apr - Mar), 2018"
RAJASTHAN,2011-12,2018-19,Constant Prices,75554.94,2018,"Financial Year (Apr - Mar), 2018"
RAJASTHAN,2011-12,2018-19,Current Prices,107889.77,2018,"Financial Year (Apr - Mar), 2018"
SIKKIM,2011-12,2018-19,Constant Prices,240743.39,2018,"Financial Year (Apr - Mar), 2018"
SIKKIM,2011-12,2018-19,Current Prices,375772.98,2018,"Financial Year (Apr - Mar), 2018"
TAMIL NADU,2011-12,2018-19,Constant Prices,141843.85,2018,"Financial Year (Apr - Mar), 2018"
TAMIL NADU,2011-12,2018-19,Current Prices,194372.98,2018,"Financial Year (Apr - Mar), 2018"
TRIPURA,2011-12,2018-19,Constant Prices,82313.49,2018,"Financial Year (Apr - Mar), 2018"
TRIPURA,2011-12,2018-19,Current Prices,113015.50,2018,"Financial Year (Apr - Mar), 2018"
UTTAR PRADESH,2011-12,2018-19,Constant Prices,43670.17,2018,"Financial Year (Apr - Mar), 2018"
UTTAR PRADESH,2011-12,2018-19,Current Prices,62651.86,2018,"Financial Year (Apr - Mar), 2018"
UTTARAKHAND,2011-12,2018-19,Constant Prices,154549.15,2018,"Financial Year (Apr - Mar), 2018"
UTTARAKHAND,2011-12,2018-19,Current Prices,191450.00,2018,"Financial Year (Apr - Mar), 2018"
WEST BENGAL,2011-12,2018-19,Constant Prices,68211.84,2018,"Financial Year (Apr - Mar), 2018"
WEST BENGAL,2011-12,2018-19,Current Prices,103943.91,2018,"Financial Year (Apr - Mar), 2018"
ANDAMAN & NICOBAR ISLANDS,2011-12,2018-19,Constant Prices,154233.06,2018,"Financial Year (Apr - Mar), 2018"
ANDAMAN & NICOBAR ISLANDS,2011-12,2018-19,Current Prices,204254.00,2018,"Financial Year (Apr - Mar), 2018"
CHANDIGARH,2011-12,2018-19,Constant Prices,224767.60,2018,"Financial Year (Apr - Mar), 2018"
CHANDIGARH,2011-12,2018-19,Current Prices,305139.64,2018,"Financial Year (Apr - Mar), 2018"
DELHI,2011-12,2018-19,Constant Prices,260967.21,2018,"Financial Year (Apr - Mar), 2018"
DELHI,2011-12,2018-19,Current Prices,344350.46,2018,"Financial Year (Apr - Mar), 2018"
PUDUCHERRY,2011-12,2018-19,Constant Prices,154843.26,2018,"Financial Year (Apr - Mar), 2018"
PUDUCHERRY,2011-12,2018-19,Current Prices,219785.42,2018,"Financial Year (Apr - Mar), 2018"
TELANGANA,2011-12,2018-19,Constant Prices,147787.10,2018,"Financial Year (Apr - Mar), 2018"
TELANGANA,2011-12,2018-19,Current Prices,210562.99,2018,"Financial Year (Apr - Mar), 2018"
ANDAMAN & NICOBAR ISLANDS,2011-12,2019-20,Constant Prices,159883.87,2019,"Financial Year (Apr - Mar), 2019"
KERALA,2011-12,2019-20,Current Prices,221903.75,2019,"Financial Year (Apr - Mar), 2019"
PUNJAB,2011-12,2019-20,Constant Prices,119161.74,2019,"Financial Year (Apr - Mar), 2019"
KERALA,2011-12,2019-20,Constant Prices,149563.40,2019,"Financial Year (Apr - Mar), 2019"
RAJASTHAN,2011-12,2019-20,Constant Prices,78390.33,2019,"Financial Year (Apr - Mar), 2019"
KARNATAKA,2011-12,2019-20,Current Prices,223175.11,2019,"Financial Year (Apr - Mar), 2019"
MIZORAM,2011-12,2019-20,Constant Prices,131780.80,2019,"Financial Year (Apr - Mar), 2019"
DELHI,2011-12,2019-20,Constant Prices,274670.81,2019,"Financial Year (Apr - Mar), 2019"
ORISSA,2011-12,2019-20,Current Prices,110434.00,2019,"Financial Year (Apr - Mar), 2019"
MEGHALAYA,2011-12,2019-20,Current Prices,87169.85,2019,"Financial Year (Apr - Mar), 2019"
KARNATAKA,2011-12,2019-20,Constant Prices,154860.52,2019,"Financial Year (Apr - Mar), 2019"
SIKKIM,2011-12,2019-20,Constant Prices,251494.32,2019,"Financial Year (Apr - Mar), 2019"
JAMMU & KASHMIR,2011-12,2019-20,Current Prices,102788.71,2019,"Financial Year (Apr - Mar), 2019"
MEGHALAYA,2011-12,2019-20,Constant Prices,62434.78,2019,"Financial Year (Apr - Mar), 2019"
JAMMU & KASHMIR,2011-12,2019-20,Constant Prices,70176.43,2019,"Financial Year (Apr - Mar), 2019"
SIKKIM,2011-12,2019-20,Current Prices,403376.09,2019,"Financial Year (Apr - Mar), 2019"
WEST BENGAL,2011-12,2019-20,Current Prices,113163.49,2019,"Financial Year (Apr - Mar), 2019"
DELHI,2011-12,2019-20,Current Prices,376221.20,2019,"Financial Year (Apr - Mar), 2019"
ARUNACHAL PRADESH,2011-12,2019-20,Constant Prices,105450.96,2019,"Financial Year (Apr - Mar), 2019"
HIMACHAL PRADESH,2011-12,2019-20,Current Prices,190407.03,2019,"Financial Year (Apr - Mar), 2019"
ANDAMAN & NICOBAR ISLANDS,2011-12,2019-20,Current Prices,218649.00,2019,"Financial Year (Apr - Mar), 2019"
HIMACHAL PRADESH,2011-12,2019-20,Constant Prices,142155.42,2019,"Financial Year (Apr - Mar), 2019"
TELANGANA,2011-12,2019-20,Current Prices,233324.53,2019,"Financial Year (Apr - Mar), 2019"
HARYANA,2011-12,2019-20,Current Prices,247627.64,2019,"Financial Year (Apr - Mar), 2019"
MANIPUR,2011-12,2019-20,Current Prices,84746.41,2019,"Financial Year (Apr - Mar), 2019"
HARYANA,2011-12,2019-20,Constant Prices,176199.11,2019,"Financial Year (Apr - Mar), 2019"
WEST BENGAL,2011-12,2019-20,Constant Prices,71719.12,2019,"Financial Year (Apr - Mar), 2019"
PUDUCHERRY,2011-12,2019-20,Constant Prices,150229.76,2019,"Financial Year (Apr - Mar), 2019"
MANIPUR,2011-12,2019-20,Constant Prices,53929.58,2019,"Financial Year (Apr - Mar), 2019"
ORISSA,2011-12,2019-20,Constant Prices,82257.11,2019,"Financial Year (Apr - Mar), 2019"
GUJARAT,2011-12,2019-20,Current Prices,213935.88,2019,"Financial Year (Apr - Mar), 2019"
MAHARASHTRA,2011-12,2019-20,Current Prices,202129.62,2019,"Financial Year (Apr - Mar), 2019"
GUJARAT,2011-12,2019-20,Constant Prices,164309.85,2019,"Financial Year (Apr - Mar), 2019"
ASSAM,2011-12,2019-20,Constant Prices,60659.80,2019,"Financial Year (Apr - Mar), 2019"
GOA,2011-12,2019-20,Current Prices,435959.22,2019,"Financial Year (Apr - Mar), 2019"
MAHARASHTRA,2011-12,2019-20,Constant Prices,152566.03,2019,"Financial Year (Apr - Mar), 2019"
NAGALAND,2011-12,2019-20,Current Prices,120517.88,2019,"Financial Year (Apr - Mar), 2019"
PUDUCHERRY,2011-12,2019-20,Current Prices,221492.52,2019,"Financial Year (Apr - Mar), 2019"
ANDHRA PRADESH,2011-12,2019-20,Current Prices,168479.98,2019,"Financial Year (Apr - Mar), 2019"
GOA,2011-12,2019-20,Constant Prices,303686.81,2019,"Financial Year (Apr - Mar), 2019"
CHANDIGARH,2011-12,2019-20,Constant Prices,233658.13,2019,"Financial Year (Apr - Mar), 2019"
JHARKHAND,2011-12,2019-20,Current Prices,77738.83,2019,"Financial Year (Apr - Mar), 2019"
ANDHRA PRADESH,2011-12,2019-20,Constant Prices,113926.67,2019,"Financial Year (Apr - Mar), 2019"
JHARKHAND,2011-12,2019-20,Constant Prices,57246.16,2019,"Financial Year (Apr - Mar), 2019"
RAJASTHAN,2011-12,2019-20,Current Prices,115492.41,2019,"Financial Year (Apr - Mar), 2019"
BIHAR,2011-12,2019-20,Current Prices,45071.43,2019,"Financial Year (Apr - Mar), 2019"
CHHATTISGARH,2011-12,2019-20,Current Prices,105089.11,2019,"Financial Year (Apr - Mar), 2019"
TELANGANA,2011-12,2019-20,Constant Prices,155220.77,2019,"Financial Year (Apr - Mar), 2019"
NAGALAND,2011-12,2019-20,Constant Prices,71246.75,2019,"Financial Year (Apr - Mar), 2019"
CHHATTISGARH,2011-12,2019-20,Constant Prices,75277.73,2019,"Financial Year (Apr - Mar), 2019"
BIHAR,2011-12,2019-20,Constant Prices,30620.86,2019,"Financial Year (Apr - Mar), 2019"
PUNJAB,2011-12,2019-20,Current Prices,155491.12,2019,"Financial Year (Apr - Mar), 2019"
UTTAR PRADESH,2011-12,2019-20,Current Prices,65704.28,2019,"Financial Year (Apr - Mar), 2019"
MADHYA PRADESH,2011-12,2019-20,Current Prices,103288.17,2019,"Financial Year (Apr - Mar), 2019"
UTTAR PRADESH,2011-12,2019-20,Constant Prices,44618.26,2019,"Financial Year (Apr - Mar), 2019"
MIZORAM,2011-12,2019-20,Current Prices,187327.09,2019,"Financial Year (Apr - Mar), 2019"
TRIPURA,2011-12,2019-20,Current Prices,125674.63,2019,"Financial Year (Apr - Mar), 2019"
UTTARAKHAND,2011-12,2019-20,Current Prices,202895.00,2019,"Financial Year (Apr - Mar), 2019"
CHANDIGARH,2011-12,2019-20,Current Prices,330014.74,2019,"Financial Year (Apr - Mar), 2019"
UTTARAKHAND,2011-12,2019-20,Constant Prices,158919.15,2019,"Financial Year (Apr - Mar), 2019"
ASSAM,2011-12,2019-20,Current Prices,86801.46,2019,"Financial Year (Apr - Mar), 2019"
TRIPURA,2011-12,2019-20,Constant Prices,89234.42,2019,"Financial Year (Apr - Mar), 2019"
ARUNACHAL PRADESH,2011-12,2019-20,Current Prices,169741.96,2019,"Financial Year (Apr - Mar), 2019"
TAMIL NADU,2011-12,2019-20,Current Prices,213396.21,2019,"Financial Year (Apr - Mar), 2019"
MADHYA PRADESH,2011-12,2019-20,Constant Prices,62235.85,2019,"Financial Year (Apr - Mar), 2019"
TAMIL NADU,2011-12,2019-20,Constant Prices,149329.15,2019,"Financial Year (Apr - Mar), 2019"
BIHAR,2011-12,2020-21,Current Prices,46292.45,2020,"Financial Year (Apr - Mar), 2020"
UTTARAKHAND,2011-12,2020-21,Current Prices,,2020,"Financial Year (Apr - Mar), 2020"
ASSAM,2011-12,2020-21,Current Prices,,2020,"Financial Year (Apr - Mar), 2020"
SIKKIM,2011-12,2020-21,Current Prices,424454.17,2020,"Financial Year (Apr - Mar), 2020"
SIKKIM,2011-12,2020-21,Constant Prices,257998.62,2020,"Financial Year (Apr - Mar), 2020"
RAJASTHAN,2011-12,2020-21,Current Prices,109386.46,2020,"Financial Year (Apr - Mar), 2020"
RAJASTHAN,2011-12,2020-21,Constant Prices,72297.23,2020,"Financial Year (Apr - Mar), 2020"
WEST BENGAL,2011-12,2020-21,Constant Prices,72202.01,2020,"Financial Year (Apr - Mar), 2020"
ANDHRA PRADESH,2011-12,2020-21,Constant Prices,110453.03,2020,"Financial Year (Apr - Mar), 2020"
PUNJAB,2011-12,2020-21,Current Prices,151367.41,2020,"Financial Year (Apr - Mar), 2020"
PUNJAB,2011-12,2020-21,Constant Prices,109847.76,2020,"Financial Year (Apr - Mar), 2020"
ORISSA,2011-12,2020-21,Current Prices,109730.00,2020,"Financial Year (Apr - Mar), 2020"
WEST BENGAL,2011-12,2020-21,Current Prices,121267.44,2020,"Financial Year (Apr - Mar), 2020"
ASSAM,2011-12,2020-21,Constant Prices,,2020,"Financial Year (Apr - Mar), 2020"
ORISSA,2011-12,2020-21,Constant Prices,79203.11,2020,"Financial Year (Apr - Mar), 2020"
NAGALAND,2011-12,2020-21,Current Prices,,2020,"Financial Year (Apr - Mar), 2020"
NAGALAND,2011-12,2020-21,Constant Prices,,2020,"Financial Year (Apr - Mar), 2020"
ANDAMAN & NICOBAR ISLANDS,2011-12,2020-21,Constant Prices,,2020,"Financial Year (Apr - Mar), 2020"
TELANGANA,2011-12,2020-21,Current Prices,237632.04,2020,"Financial Year (Apr - Mar), 2020"
MIZORAM,2011-12,2020-21,Current Prices,,2020,"Financial Year (Apr - Mar), 2020"
MIZORAM,2011-12,2020-21,Constant Prices,,2020,"Financial Year (Apr - Mar), 2020"
MEGHALAYA,2011-12,2020-21,Current Prices,82182.48,2020,"Financial Year (Apr - Mar), 2020"
MEGHALAYA,2011-12,2020-21,Constant Prices,56470.69,2020,"Financial Year (Apr - Mar), 2020"
ANDAMAN & NICOBAR ISLANDS,2011-12,2020-21,Current Prices,,2020,"Financial Year (Apr - Mar), 2020"
MANIPUR,2011-12,2020-21,Current Prices,,2020,"Financial Year (Apr - Mar), 2020"
MANIPUR,2011-12,2020-21,Constant Prices,,2020,"Financial Year (Apr - Mar), 2020"
MAHARASHTRA,2011-12,2020-21,Current Prices,,2020,"Financial Year (Apr - Mar), 2020"
CHANDIGARH,2011-12,2020-21,Constant Prices,,2020,"Financial Year (Apr - Mar), 2020"
MAHARASHTRA,2011-12,2020-21,Constant Prices,,2020,"Financial Year (Apr - Mar), 2020"
CHHATTISGARH,2011-12,2020-21,Current Prices,104943.31,2020,"Financial Year (Apr - Mar), 2020"
CHHATTISGARH,2011-12,2020-21,Constant Prices,72236.09,2020,"Financial Year (Apr - Mar), 2020"
MADHYA PRADESH,2011-12,2020-21,Current Prices,98418.19,2020,"Financial Year (Apr - Mar), 2020"
CHANDIGARH,2011-12,2020-21,Current Prices,,2020,"Financial Year (Apr - Mar), 2020"
MADHYA PRADESH,2011-12,2020-21,Constant Prices,58424.64,2020,"Financial Year (Apr - Mar), 2020"
KERALA,2011-12,2020-21,Current Prices,,2020,"Financial Year (Apr - Mar), 2020"
KERALA,2011-12,2020-21,Constant Prices,,2020,"Financial Year (Apr - Mar), 2020"
DELHI,2011-12,2020-21,Constant Prices,254001.04,2020,"Financial Year (Apr - Mar), 2020"
ARUNACHAL PRADESH,2011-12,2020-21,Current Prices,,2020,"Financial Year (Apr - Mar), 2020"
KARNATAKA,2011-12,2020-21,Current Prices,226795.60,2020,"Financial Year (Apr - Mar), 2020"
KARNATAKA,2011-12,2020-21,Constant Prices,149824.88,2020,"Financial Year (Apr - Mar), 2020"
JAMMU & KASHMIR,2011-12,2020-21,Current Prices,104860.46,2020,"Financial Year (Apr - Mar), 2020"
JAMMU & KASHMIR,2011-12,2020-21,Constant Prices,69578.79,2020,"Financial Year (Apr - Mar), 2020"
DELHI,2011-12,2020-21,Current Prices,354003.54,2020,"Financial Year (Apr - Mar), 2020"
HIMACHAL PRADESH,2011-12,2020-21,Current Prices,183285.55,2020,"Financial Year (Apr - Mar), 2020"
HIMACHAL PRADESH,2011-12,2020-21,Constant Prices,133188.63,2020,"Financial Year (Apr - Mar), 2020"
HARYANA,2011-12,2020-21,Current Prices,239534.53,2020,"Financial Year (Apr - Mar), 2020"
PUDUCHERRY,2011-12,2020-21,Constant Prices,143708.55,2020,"Financial Year (Apr - Mar), 2020"
ARUNACHAL PRADESH,2011-12,2020-21,Constant Prices,,2020,"Financial Year (Apr - Mar), 2020"
HARYANA,2011-12,2020-21,Constant Prices,163992.02,2020,"Financial Year (Apr - Mar), 2020"
GUJARAT,2011-12,2020-21,Current Prices,,2020,"Financial Year (Apr - Mar), 2020"
GUJARAT,2011-12,2020-21,Constant Prices,,2020,"Financial Year (Apr - Mar), 2020"
GOA,2011-12,2020-21,Current Prices,,2020,"Financial Year (Apr - Mar), 2020"
PUDUCHERRY,2011-12,2020-21,Current Prices,210467.01,2020,"Financial Year (Apr - Mar), 2020"
GOA,2011-12,2020-21,Constant Prices,,2020,"Financial Year (Apr - Mar), 2020"
JHARKHAND,2011-12,2020-21,Current Prices,75587.18,2020,"Financial Year (Apr - Mar), 2020"
JHARKHAND,2011-12,2020-21,Constant Prices,53489.14,2020,"Financial Year (Apr - Mar), 2020"
TELANGANA,2011-12,2020-21,Constant Prices,153297.89,2020,"Financial Year (Apr - Mar), 2020"
ANDHRA PRADESH,2011-12,2020-21,Current Prices,170215.00,2020,"Financial Year (Apr - Mar), 2020"
TAMIL NADU,2011-12,2020-21,Constant Prices,150989.60,2020,"Financial Year (Apr - Mar), 2020"
BIHAR,2011-12,2020-21,Constant Prices,31017.33,2020,"Financial Year (Apr - Mar), 2020"
UTTAR PRADESH,2011-12,2020-21,Current Prices,65431.09,2020,"Financial Year (Apr - Mar), 2020"
UTTAR PRADESH,2011-12,2020-21,Constant Prices,41023.41,2020,"Financial Year (Apr - Mar), 2020"
TRIPURA,2011-12,2020-21,Current Prices,129995.42,2020,"Financial Year (Apr - Mar), 2020"
UTTARAKHAND,2011-12,2020-21,Constant Prices,,2020,"Financial Year (Apr - Mar), 2020"
TRIPURA,2011-12,2020-21,Constant Prices,91547.29,2020,"Financial Year (Apr - Mar), 2020"
TAMIL NADU,2011-12,2020-21,Current Prices,225105.70,2020,"Financial Year (Apr - Mar), 2020"
