Rowid,Country,State lgd code,State,Yearcode,Year,Base year - 2011-12,Price type,Per capita net state domestic product for the base year 2011-12
1,India,1,Jammu And Kashmir,2011,"Financial Year (Apr - Mar), 2011",2011-12,Constant Prices,52009.7577966761345832430803
2,India,1,Jammu And Kashmir,2011,"Financial Year (Apr - Mar), 2011",2011-12,Current Prices,52009.7577966761345832430803
3,India,1,Jammu And Kashmir,2012,"Financial Year (Apr - Mar), 2012",2011-12,Constant Prices,51259.8750878114568966666948
4,India,1,Jammu And Kashmir,2012,"Financial Year (Apr - Mar), 2012",2011-12,Current Prices,55585.5142926308608150231080
5,India,1,Jammu And Kashmir,2013,"Financial Year (Apr - Mar), 2013",2011-12,Constant Prices,52904.7948706298596430509738
6,India,1,Jammu And Kashmir,2013,"Financial Year (Apr - Mar), 2013",2011-12,Current Prices,59771.9559388530792098985515
7,India,1,Jammu And Kashmir,2014,"Financial Year (Apr - Mar), 2014",2011-12,Constant Prices,49614.8183669127814640812540
8,India,1,Jammu And Kashmir,2014,"Financial Year (Apr - Mar), 2014",2011-12,Current Prices,59872.0381129495167249190899
9,India,1,Jammu And Kashmir,2015,"Financial Year (Apr - Mar), 2015",2011-12,Constant Prices,58655.9594910879269155017250
10,India,1,Jammu And Kashmir,2015,"Financial Year (Apr - Mar), 2015",2011-12,Current Prices,71614.1361511316767590405354
11,India,1,Jammu And Kashmir,2016,"Financial Year (Apr - Mar), 2016",2011-12,Constant Prices,59232.3123083727670381630038
12,India,1,Jammu And Kashmir,2016,"Financial Year (Apr - Mar), 2016",2011-12,Current Prices,74957.9097578130245170381052
13,India,1,Jammu And Kashmir,2017,"Financial Year (Apr - Mar), 2017",2011-12,Constant Prices,61813.1354008148436263876049
14,India,1,Jammu And Kashmir,2017,"Financial Year (Apr - Mar), 2017",2011-12,Current Prices,82623.1753017398034112997594
15,India,1,Jammu And Kashmir,2018,"Financial Year (Apr - Mar), 2018",2011-12,Constant Prices,66215.9294325764581700843237
16,India,1,Jammu And Kashmir,2018,"Financial Year (Apr - Mar), 2018",2011-12,Current Prices,93360.3728004237518562240730
17,India,1,Jammu And Kashmir,2019,"Financial Year (Apr - Mar), 2019",2011-12,Constant Prices,68641.6114613610293414069741
18,India,1,Jammu And Kashmir,2019,"Financial Year (Apr - Mar), 2019",2011-12,Current Prices,100540.6330078990203730137377
19,India,1,Jammu And Kashmir,2020,"Financial Year (Apr - Mar), 2020",2011-12,Constant Prices,68057.0423592598280466759873
20,India,1,Jammu And Kashmir,2020,"Financial Year (Apr - Mar), 2020",2011-12,Current Prices,102567.0720636485749248491602
21,India,2,Himachal Pradesh,2011,"Financial Year (Apr - Mar), 2011",2011-12,Constant Prices,87720.98
22,India,2,Himachal Pradesh,2011,"Financial Year (Apr - Mar), 2011",2011-12,Current Prices,87720.99
23,India,2,Himachal Pradesh,2012,"Financial Year (Apr - Mar), 2012",2011-12,Constant Prices,92672.40
24,India,2,Himachal Pradesh,2012,"Financial Year (Apr - Mar), 2012",2011-12,Current Prices,99730.36
25,India,2,Himachal Pradesh,2013,"Financial Year (Apr - Mar), 2013",2011-12,Constant Prices,98815.55
26,India,2,Himachal Pradesh,2013,"Financial Year (Apr - Mar), 2013",2011-12,Current Prices,114094.75
27,India,2,Himachal Pradesh,2014,"Financial Year (Apr - Mar), 2014",2011-12,Constant Prices,105241.37
28,India,2,Himachal Pradesh,2014,"Financial Year (Apr - Mar), 2014",2011-12,Current Prices,123299.43
29,India,2,Himachal Pradesh,2015,"Financial Year (Apr - Mar), 2015",2011-12,Constant Prices,112722.70
30,India,2,Himachal Pradesh,2015,"Financial Year (Apr - Mar), 2015",2011-12,Current Prices,135512.13
31,India,2,Himachal Pradesh,2016,"Financial Year (Apr - Mar), 2016",2011-12,Constant Prices,122208.00
32,India,2,Himachal Pradesh,2016,"Financial Year (Apr - Mar), 2016",2011-12,Current Prices,150290.00
33,India,2,Himachal Pradesh,2017,"Financial Year (Apr - Mar), 2017",2011-12,Constant Prices,129303.16
34,India,2,Himachal Pradesh,2017,"Financial Year (Apr - Mar), 2017",2011-12,Current Prices,165496.90
35,India,2,Himachal Pradesh,2018,"Financial Year (Apr - Mar), 2018",2011-12,Constant Prices,136663.60
36,India,2,Himachal Pradesh,2018,"Financial Year (Apr - Mar), 2018",2011-12,Current Prices,176458.99
37,India,2,Himachal Pradesh,2019,"Financial Year (Apr - Mar), 2019",2011-12,Constant Prices,142155.42
38,India,2,Himachal Pradesh,2019,"Financial Year (Apr - Mar), 2019",2011-12,Current Prices,190407.03
39,India,2,Himachal Pradesh,2020,"Financial Year (Apr - Mar), 2020",2011-12,Constant Prices,133188.63
40,India,2,Himachal Pradesh,2020,"Financial Year (Apr - Mar), 2020",2011-12,Current Prices,183285.55
41,India,3,Punjab,2011,"Financial Year (Apr - Mar), 2011",2011-12,Constant Prices,85577.00
42,India,3,Punjab,2011,"Financial Year (Apr - Mar), 2011",2011-12,Current Prices,85577.00
43,India,3,Punjab,2012,"Financial Year (Apr - Mar), 2012",2011-12,Constant Prices,88915.00
44,India,3,Punjab,2012,"Financial Year (Apr - Mar), 2012",2011-12,Current Prices,94318.00
45,India,3,Punjab,2013,"Financial Year (Apr - Mar), 2013",2011-12,Constant Prices,93238.00
46,India,3,Punjab,2013,"Financial Year (Apr - Mar), 2013",2011-12,Current Prices,103831.00
47,India,3,Punjab,2014,"Financial Year (Apr - Mar), 2014",2011-12,Constant Prices,95807.00
48,India,3,Punjab,2014,"Financial Year (Apr - Mar), 2014",2011-12,Current Prices,108970.00
49,India,3,Punjab,2015,"Financial Year (Apr - Mar), 2015",2011-12,Constant Prices,100141.00
50,India,3,Punjab,2015,"Financial Year (Apr - Mar), 2015",2011-12,Current Prices,118858.00
51,India,3,Punjab,2016,"Financial Year (Apr - Mar), 2016",2011-12,Constant Prices,105848.46
52,India,3,Punjab,2016,"Financial Year (Apr - Mar), 2016",2011-12,Current Prices,128780.47
53,India,3,Punjab,2017,"Financial Year (Apr - Mar), 2017",2011-12,Constant Prices,110857.49
54,India,3,Punjab,2017,"Financial Year (Apr - Mar), 2017",2011-12,Current Prices,139834.64
55,India,3,Punjab,2018,"Financial Year (Apr - Mar), 2018",2011-12,Constant Prices,115783.63
56,India,3,Punjab,2018,"Financial Year (Apr - Mar), 2018",2011-12,Current Prices,149973.97
57,India,3,Punjab,2019,"Financial Year (Apr - Mar), 2019",2011-12,Constant Prices,119161.74
58,India,3,Punjab,2019,"Financial Year (Apr - Mar), 2019",2011-12,Current Prices,155491.12
59,India,3,Punjab,2020,"Financial Year (Apr - Mar), 2020",2011-12,Constant Prices,109847.76
60,India,3,Punjab,2020,"Financial Year (Apr - Mar), 2020",2011-12,Current Prices,151367.41
61,India,4,Chandigarh,2011,"Financial Year (Apr - Mar), 2011",2011-12,Constant Prices,158966.95
62,India,4,Chandigarh,2011,"Financial Year (Apr - Mar), 2011",2011-12,Current Prices,158966.95
63,India,4,Chandigarh,2012,"Financial Year (Apr - Mar), 2012",2011-12,Constant Prices,169335.68
64,India,4,Chandigarh,2012,"Financial Year (Apr - Mar), 2012",2011-12,Current Prices,180457.08
65,India,4,Chandigarh,2013,"Financial Year (Apr - Mar), 2013",2011-12,Constant Prices,180614.86
66,India,4,Chandigarh,2013,"Financial Year (Apr - Mar), 2013",2011-12,Current Prices,203356.34
67,India,4,Chandigarh,2014,"Financial Year (Apr - Mar), 2014",2011-12,Constant Prices,182866.85
68,India,4,Chandigarh,2014,"Financial Year (Apr - Mar), 2014",2011-12,Current Prices,212594.25
69,India,4,Chandigarh,2015,"Financial Year (Apr - Mar), 2015",2011-12,Constant Prices,195204.96
70,India,4,Chandigarh,2015,"Financial Year (Apr - Mar), 2015",2011-12,Current Prices,230008.94
71,India,4,Chandigarh,2016,"Financial Year (Apr - Mar), 2016",2011-12,Constant Prices,208230.57
72,India,4,Chandigarh,2016,"Financial Year (Apr - Mar), 2016",2011-12,Current Prices,252236.21
73,India,4,Chandigarh,2017,"Financial Year (Apr - Mar), 2017",2011-12,Constant Prices,218200.69
74,India,4,Chandigarh,2017,"Financial Year (Apr - Mar), 2017",2011-12,Current Prices,280512.17
75,India,4,Chandigarh,2018,"Financial Year (Apr - Mar), 2018",2011-12,Constant Prices,224767.60
76,India,4,Chandigarh,2018,"Financial Year (Apr - Mar), 2018",2011-12,Current Prices,305139.64
77,India,4,Chandigarh,2019,"Financial Year (Apr - Mar), 2019",2011-12,Constant Prices,233658.13
78,India,4,Chandigarh,2019,"Financial Year (Apr - Mar), 2019",2011-12,Current Prices,330014.74
79,India,4,Chandigarh,2020,"Financial Year (Apr - Mar), 2020",2011-12,Constant Prices,
80,India,4,Chandigarh,2020,"Financial Year (Apr - Mar), 2020",2011-12,Current Prices,
81,India,5,Uttarakhand,2011,"Financial Year (Apr - Mar), 2011",2011-12,Constant Prices,100314.00
82,India,5,Uttarakhand,2011,"Financial Year (Apr - Mar), 2011",2011-12,Current Prices,100314.00
83,India,5,Uttarakhand,2012,"Financial Year (Apr - Mar), 2012",2011-12,Constant Prices,106358.70
84,India,5,Uttarakhand,2012,"Financial Year (Apr - Mar), 2012",2011-12,Current Prices,113654.00
85,India,5,Uttarakhand,2013,"Financial Year (Apr - Mar), 2013",2011-12,Constant Prices,112900.29
86,India,5,Uttarakhand,2013,"Financial Year (Apr - Mar), 2013",2011-12,Current Prices,126356.00
87,India,5,Uttarakhand,2014,"Financial Year (Apr - Mar), 2014",2011-12,Constant Prices,118978.82
88,India,5,Uttarakhand,2014,"Financial Year (Apr - Mar), 2014",2011-12,Current Prices,136099.00
89,India,5,Uttarakhand,2015,"Financial Year (Apr - Mar), 2015",2011-12,Constant Prices,127249.17
90,India,5,Uttarakhand,2015,"Financial Year (Apr - Mar), 2015",2011-12,Current Prices,147936.00
91,India,5,Uttarakhand,2016,"Financial Year (Apr - Mar), 2016",2011-12,Constant Prices,138784.45
92,India,5,Uttarakhand,2016,"Financial Year (Apr - Mar), 2016",2011-12,Current Prices,161752.00
93,India,5,Uttarakhand,2017,"Financial Year (Apr - Mar), 2017",2011-12,Constant Prices,148090.47
94,India,5,Uttarakhand,2017,"Financial Year (Apr - Mar), 2017",2011-12,Current Prices,180613.00
95,India,5,Uttarakhand,2018,"Financial Year (Apr - Mar), 2018",2011-12,Constant Prices,154549.15
96,India,5,Uttarakhand,2018,"Financial Year (Apr - Mar), 2018",2011-12,Current Prices,191450.00
97,India,5,Uttarakhand,2019,"Financial Year (Apr - Mar), 2019",2011-12,Constant Prices,158919.15
98,India,5,Uttarakhand,2019,"Financial Year (Apr - Mar), 2019",2011-12,Current Prices,202895.00
99,India,5,Uttarakhand,2020,"Financial Year (Apr - Mar), 2020",2011-12,Constant Prices,
100,India,5,Uttarakhand,2020,"Financial Year (Apr - Mar), 2020",2011-12,Current Prices,
101,India,6,Haryana,2011,"Financial Year (Apr - Mar), 2011",2011-12,Constant Prices,106084.70
102,India,6,Haryana,2011,"Financial Year (Apr - Mar), 2011",2011-12,Current Prices,106084.70
103,India,6,Haryana,2012,"Financial Year (Apr - Mar), 2012",2011-12,Constant Prices,111780.04
104,India,6,Haryana,2012,"Financial Year (Apr - Mar), 2012",2011-12,Current Prices,121268.82
105,India,6,Haryana,2013,"Financial Year (Apr - Mar), 2013",2011-12,Constant Prices,119791.25
106,India,6,Haryana,2013,"Financial Year (Apr - Mar), 2013",2011-12,Current Prices,137769.65
107,India,6,Haryana,2014,"Financial Year (Apr - Mar), 2014",2011-12,Constant Prices,125031.60
108,India,6,Haryana,2014,"Financial Year (Apr - Mar), 2014",2011-12,Current Prices,147382.11
109,India,6,Haryana,2015,"Financial Year (Apr - Mar), 2015",2011-12,Constant Prices,137832.66
110,India,6,Haryana,2015,"Financial Year (Apr - Mar), 2015",2011-12,Current Prices,164962.65
111,India,6,Haryana,2016,"Financial Year (Apr - Mar), 2016",2011-12,Constant Prices,150259.12
112,India,6,Haryana,2016,"Financial Year (Apr - Mar), 2016",2011-12,Current Prices,184982.00
113,India,6,Haryana,2017,"Financial Year (Apr - Mar), 2017",2011-12,Constant Prices,158039.43
114,India,6,Haryana,2017,"Financial Year (Apr - Mar), 2017",2011-12,Current Prices,210592.34
115,India,6,Haryana,2018,"Financial Year (Apr - Mar), 2018",2011-12,Constant Prices,164975.88
116,India,6,Haryana,2018,"Financial Year (Apr - Mar), 2018",2011-12,Current Prices,226408.54
117,India,6,Haryana,2019,"Financial Year (Apr - Mar), 2019",2011-12,Constant Prices,176199.11
118,India,6,Haryana,2019,"Financial Year (Apr - Mar), 2019",2011-12,Current Prices,247627.64
119,India,6,Haryana,2020,"Financial Year (Apr - Mar), 2020",2011-12,Constant Prices,163992.02
120,India,6,Haryana,2020,"Financial Year (Apr - Mar), 2020",2011-12,Current Prices,239534.53
121,India,7,Delhi,2011,"Financial Year (Apr - Mar), 2011",2011-12,Constant Prices,185001.19
122,India,7,Delhi,2011,"Financial Year (Apr - Mar), 2011",2011-12,Current Prices,185001.19
123,India,7,Delhi,2012,"Financial Year (Apr - Mar), 2012",2011-12,Constant Prices,192219.77
124,India,7,Delhi,2012,"Financial Year (Apr - Mar), 2012",2011-12,Current Prices,205567.76
125,India,7,Delhi,2013,"Financial Year (Apr - Mar), 2013",2011-12,Constant Prices,200702.27
126,India,7,Delhi,2013,"Financial Year (Apr - Mar), 2013",2011-12,Current Prices,227899.69
127,India,7,Delhi,2014,"Financial Year (Apr - Mar), 2014",2011-12,Constant Prices,213669.24
128,India,7,Delhi,2014,"Financial Year (Apr - Mar), 2014",2011-12,Current Prices,247209.05
129,India,7,Delhi,2015,"Financial Year (Apr - Mar), 2015",2011-12,Constant Prices,233115.33
130,India,7,Delhi,2015,"Financial Year (Apr - Mar), 2015",2011-12,Current Prices,270261.15
131,India,7,Delhi,2016,"Financial Year (Apr - Mar), 2016",2011-12,Constant Prices,244254.62
132,India,7,Delhi,2016,"Financial Year (Apr - Mar), 2016",2011-12,Current Prices,295558.05
133,India,7,Delhi,2017,"Financial Year (Apr - Mar), 2017",2011-12,Constant Prices,252960.08
134,India,7,Delhi,2017,"Financial Year (Apr - Mar), 2017",2011-12,Current Prices,318323.08
135,India,7,Delhi,2018,"Financial Year (Apr - Mar), 2018",2011-12,Constant Prices,260967.21
136,India,7,Delhi,2018,"Financial Year (Apr - Mar), 2018",2011-12,Current Prices,344350.46
137,India,7,Delhi,2019,"Financial Year (Apr - Mar), 2019",2011-12,Constant Prices,274670.81
138,India,7,Delhi,2019,"Financial Year (Apr - Mar), 2019",2011-12,Current Prices,376221.20
139,India,7,Delhi,2020,"Financial Year (Apr - Mar), 2020",2011-12,Constant Prices,254001.04
140,India,7,Delhi,2020,"Financial Year (Apr - Mar), 2020",2011-12,Current Prices,354003.54
141,India,8,Rajasthan,2011,"Financial Year (Apr - Mar), 2011",2011-12,Constant Prices,57192.00
142,India,8,Rajasthan,2011,"Financial Year (Apr - Mar), 2011",2011-12,Current Prices,57192.00
143,India,8,Rajasthan,2012,"Financial Year (Apr - Mar), 2012",2011-12,Constant Prices,58441.00
144,India,8,Rajasthan,2012,"Financial Year (Apr - Mar), 2012",2011-12,Current Prices,63658.00
145,India,8,Rajasthan,2013,"Financial Year (Apr - Mar), 2013",2011-12,Constant Prices,61053.00
146,India,8,Rajasthan,2013,"Financial Year (Apr - Mar), 2013",2011-12,Current Prices,69480.00
147,India,8,Rajasthan,2014,"Financial Year (Apr - Mar), 2014",2011-12,Constant Prices,64496.00
148,India,8,Rajasthan,2014,"Financial Year (Apr - Mar), 2014",2011-12,Current Prices,76429.00
149,India,8,Rajasthan,2015,"Financial Year (Apr - Mar), 2015",2011-12,Constant Prices,68565.00
150,India,8,Rajasthan,2015,"Financial Year (Apr - Mar), 2015",2011-12,Current Prices,83426.00
151,India,8,Rajasthan,2016,"Financial Year (Apr - Mar), 2016",2011-12,Constant Prices,71323.96
152,India,8,Rajasthan,2016,"Financial Year (Apr - Mar), 2016",2011-12,Current Prices,91924.00
153,India,8,Rajasthan,2017,"Financial Year (Apr - Mar), 2017",2011-12,Constant Prices,73108.96
154,India,8,Rajasthan,2017,"Financial Year (Apr - Mar), 2017",2011-12,Current Prices,98188.45
155,India,8,Rajasthan,2018,"Financial Year (Apr - Mar), 2018",2011-12,Constant Prices,75554.94
156,India,8,Rajasthan,2018,"Financial Year (Apr - Mar), 2018",2011-12,Current Prices,107889.77
157,India,8,Rajasthan,2019,"Financial Year (Apr - Mar), 2019",2011-12,Constant Prices,78390.33
158,India,8,Rajasthan,2019,"Financial Year (Apr - Mar), 2019",2011-12,Current Prices,115492.41
159,India,8,Rajasthan,2020,"Financial Year (Apr - Mar), 2020",2011-12,Constant Prices,72297.23
160,India,8,Rajasthan,2020,"Financial Year (Apr - Mar), 2020",2011-12,Current Prices,109386.46
161,India,9,Uttar Pradesh,2011,"Financial Year (Apr - Mar), 2011",2011-12,Constant Prices,32002.00
162,India,9,Uttar Pradesh,2011,"Financial Year (Apr - Mar), 2011",2011-12,Current Prices,32002.00
163,India,9,Uttar Pradesh,2012,"Financial Year (Apr - Mar), 2012",2011-12,Constant Prices,32907.89
164,India,9,Uttar Pradesh,2012,"Financial Year (Apr - Mar), 2012",2011-12,Current Prices,35812.12
165,India,9,Uttar Pradesh,2013,"Financial Year (Apr - Mar), 2013",2011-12,Constant Prices,34043.71
166,India,9,Uttar Pradesh,2013,"Financial Year (Apr - Mar), 2013",2011-12,Current Prices,40124.01
167,India,9,Uttar Pradesh,2014,"Financial Year (Apr - Mar), 2014",2011-12,Constant Prices,34583.27
168,India,9,Uttar Pradesh,2014,"Financial Year (Apr - Mar), 2014",2011-12,Current Prices,42266.51
169,India,9,Uttar Pradesh,2015,"Financial Year (Apr - Mar), 2015",2011-12,Constant Prices,36972.75
170,India,9,Uttar Pradesh,2015,"Financial Year (Apr - Mar), 2015",2011-12,Current Prices,47118.01
171,India,9,Uttar Pradesh,2016,"Financial Year (Apr - Mar), 2016",2011-12,Constant Prices,40847.02
172,India,9,Uttar Pradesh,2016,"Financial Year (Apr - Mar), 2016",2011-12,Current Prices,52671.00
173,India,9,Uttar Pradesh,2017,"Financial Year (Apr - Mar), 2017",2011-12,Constant Prices,41832.21
174,India,9,Uttar Pradesh,2017,"Financial Year (Apr - Mar), 2017",2011-12,Current Prices,56861.18
175,India,9,Uttar Pradesh,2018,"Financial Year (Apr - Mar), 2018",2011-12,Constant Prices,43670.17
176,India,9,Uttar Pradesh,2018,"Financial Year (Apr - Mar), 2018",2011-12,Current Prices,62651.86
177,India,9,Uttar Pradesh,2019,"Financial Year (Apr - Mar), 2019",2011-12,Constant Prices,44618.26
178,India,9,Uttar Pradesh,2019,"Financial Year (Apr - Mar), 2019",2011-12,Current Prices,65704.28
179,India,9,Uttar Pradesh,2020,"Financial Year (Apr - Mar), 2020",2011-12,Constant Prices,41023.41
180,India,9,Uttar Pradesh,2020,"Financial Year (Apr - Mar), 2020",2011-12,Current Prices,65431.09
181,India,10,Bihar,2011,"Financial Year (Apr - Mar), 2011",2011-12,Constant Prices,21749.85
182,India,10,Bihar,2011,"Financial Year (Apr - Mar), 2011",2011-12,Current Prices,21749.85
183,India,10,Bihar,2012,"Financial Year (Apr - Mar), 2012",2011-12,Constant Prices,22201.33
184,India,10,Bihar,2012,"Financial Year (Apr - Mar), 2012",2011-12,Current Prices,24487.15
185,India,10,Bihar,2013,"Financial Year (Apr - Mar), 2013",2011-12,Constant Prices,22776.43
186,India,10,Bihar,2013,"Financial Year (Apr - Mar), 2013",2011-12,Current Prices,26948.45
187,India,10,Bihar,2014,"Financial Year (Apr - Mar), 2014",2011-12,Constant Prices,23222.80
188,India,10,Bihar,2014,"Financial Year (Apr - Mar), 2014",2011-12,Current Prices,28670.62
189,India,10,Bihar,2015,"Financial Year (Apr - Mar), 2015",2011-12,Constant Prices,24064.26
190,India,10,Bihar,2015,"Financial Year (Apr - Mar), 2015",2011-12,Current Prices,30403.87
191,India,10,Bihar,2016,"Financial Year (Apr - Mar), 2016",2011-12,Constant Prices,25455.42
192,India,10,Bihar,2016,"Financial Year (Apr - Mar), 2016",2011-12,Current Prices,34044.90
193,India,10,Bihar,2017,"Financial Year (Apr - Mar), 2017",2011-12,Constant Prices,26719.30
194,India,10,Bihar,2017,"Financial Year (Apr - Mar), 2017",2011-12,Current Prices,36849.78
195,India,10,Bihar,2018,"Financial Year (Apr - Mar), 2018",2011-12,Constant Prices,29091.70
196,India,10,Bihar,2018,"Financial Year (Apr - Mar), 2018",2011-12,Current Prices,40714.92
197,India,10,Bihar,2019,"Financial Year (Apr - Mar), 2019",2011-12,Constant Prices,30620.86
198,India,10,Bihar,2019,"Financial Year (Apr - Mar), 2019",2011-12,Current Prices,45071.43
199,India,10,Bihar,2020,"Financial Year (Apr - Mar), 2020",2011-12,Constant Prices,31017.33
200,India,10,Bihar,2020,"Financial Year (Apr - Mar), 2020",2011-12,Current Prices,46292.45
201,India,11,Sikkim,2011,"Financial Year (Apr - Mar), 2011",2011-12,Constant Prices,158667.00
202,India,11,Sikkim,2011,"Financial Year (Apr - Mar), 2011",2011-12,Current Prices,158667.00
203,India,11,Sikkim,2012,"Financial Year (Apr - Mar), 2012",2011-12,Constant Prices,160553.00
204,India,11,Sikkim,2012,"Financial Year (Apr - Mar), 2012",2011-12,Current Prices,174183.00
205,India,11,Sikkim,2013,"Financial Year (Apr - Mar), 2013",2011-12,Constant Prices,168897.00
206,India,11,Sikkim,2013,"Financial Year (Apr - Mar), 2013",2011-12,Current Prices,194624.00
207,India,11,Sikkim,2014,"Financial Year (Apr - Mar), 2014",2011-12,Constant Prices,180675.00
208,India,11,Sikkim,2014,"Financial Year (Apr - Mar), 2014",2011-12,Current Prices,214148.00
209,India,11,Sikkim,2015,"Financial Year (Apr - Mar), 2015",2011-12,Constant Prices,195066.00
210,India,11,Sikkim,2015,"Financial Year (Apr - Mar), 2015",2011-12,Current Prices,245987.00
211,India,11,Sikkim,2016,"Financial Year (Apr - Mar), 2016",2011-12,Constant Prices,207354.64
212,India,11,Sikkim,2016,"Financial Year (Apr - Mar), 2016",2011-12,Current Prices,280729.07
213,India,11,Sikkim,2017,"Financial Year (Apr - Mar), 2017",2011-12,Constant Prices,232482.55
214,India,11,Sikkim,2017,"Financial Year (Apr - Mar), 2017",2011-12,Current Prices,349162.77
215,India,11,Sikkim,2018,"Financial Year (Apr - Mar), 2018",2011-12,Constant Prices,240743.39
216,India,11,Sikkim,2018,"Financial Year (Apr - Mar), 2018",2011-12,Current Prices,375772.98
217,India,11,Sikkim,2019,"Financial Year (Apr - Mar), 2019",2011-12,Constant Prices,251494.32
218,India,11,Sikkim,2019,"Financial Year (Apr - Mar), 2019",2011-12,Current Prices,403376.09
219,India,11,Sikkim,2020,"Financial Year (Apr - Mar), 2020",2011-12,Constant Prices,257998.62
220,India,11,Sikkim,2020,"Financial Year (Apr - Mar), 2020",2011-12,Current Prices,424454.17
221,India,12,Arunachal Pradesh,2011,"Financial Year (Apr - Mar), 2011",2011-12,Constant Prices,73539.57
222,India,12,Arunachal Pradesh,2011,"Financial Year (Apr - Mar), 2011",2011-12,Current Prices,73540.00
223,India,12,Arunachal Pradesh,2012,"Financial Year (Apr - Mar), 2012",2011-12,Constant Prices,73959.03
224,India,12,Arunachal Pradesh,2012,"Financial Year (Apr - Mar), 2012",2011-12,Current Prices,82626.00
225,India,12,Arunachal Pradesh,2013,"Financial Year (Apr - Mar), 2013",2011-12,Constant Prices,78996.34
226,India,12,Arunachal Pradesh,2013,"Financial Year (Apr - Mar), 2013",2011-12,Current Prices,94135.00
227,India,12,Arunachal Pradesh,2014,"Financial Year (Apr - Mar), 2014",2011-12,Constant Prices,91034.10
228,India,12,Arunachal Pradesh,2014,"Financial Year (Apr - Mar), 2014",2011-12,Current Prices,114789.00
229,India,12,Arunachal Pradesh,2015,"Financial Year (Apr - Mar), 2015",2011-12,Constant Prices,88768.18
230,India,12,Arunachal Pradesh,2015,"Financial Year (Apr - Mar), 2015",2011-12,Current Prices,116985.00
231,India,12,Arunachal Pradesh,2016,"Financial Year (Apr - Mar), 2016",2011-12,Constant Prices,91318.54
232,India,12,Arunachal Pradesh,2016,"Financial Year (Apr - Mar), 2016",2011-12,Current Prices,124129.38
233,India,12,Arunachal Pradesh,2017,"Financial Year (Apr - Mar), 2017",2011-12,Constant Prices,94012.69
234,India,12,Arunachal Pradesh,2017,"Financial Year (Apr - Mar), 2017",2011-12,Current Prices,138835.85
235,India,12,Arunachal Pradesh,2018,"Financial Year (Apr - Mar), 2018",2011-12,Constant Prices,99241.91
236,India,12,Arunachal Pradesh,2018,"Financial Year (Apr - Mar), 2018",2011-12,Current Prices,154651.60
237,India,12,Arunachal Pradesh,2019,"Financial Year (Apr - Mar), 2019",2011-12,Constant Prices,105450.96
238,India,12,Arunachal Pradesh,2019,"Financial Year (Apr - Mar), 2019",2011-12,Current Prices,169741.96
239,India,12,Arunachal Pradesh,2020,"Financial Year (Apr - Mar), 2020",2011-12,Constant Prices,
240,India,12,Arunachal Pradesh,2020,"Financial Year (Apr - Mar), 2020",2011-12,Current Prices,
241,India,13,Nagaland,2011,"Financial Year (Apr - Mar), 2011",2011-12,Constant Prices,53009.90
242,India,13,Nagaland,2011,"Financial Year (Apr - Mar), 2011",2011-12,Current Prices,53010.07
243,India,13,Nagaland,2012,"Financial Year (Apr - Mar), 2012",2011-12,Constant Prices,55482.19
244,India,13,Nagaland,2012,"Financial Year (Apr - Mar), 2012",2011-12,Current Prices,61224.67
245,India,13,Nagaland,2013,"Financial Year (Apr - Mar), 2013",2011-12,Constant Prices,58619.35
246,India,13,Nagaland,2013,"Financial Year (Apr - Mar), 2013",2011-12,Current Prices,71510.36
247,India,13,Nagaland,2014,"Financial Year (Apr - Mar), 2014",2011-12,Constant Prices,60371.82
248,India,13,Nagaland,2014,"Financial Year (Apr - Mar), 2014",2011-12,Current Prices,78367.01
249,India,13,Nagaland,2015,"Financial Year (Apr - Mar), 2015",2011-12,Constant Prices,60662.97
250,India,13,Nagaland,2015,"Financial Year (Apr - Mar), 2015",2011-12,Current Prices,82465.67
251,India,13,Nagaland,2016,"Financial Year (Apr - Mar), 2016",2011-12,Constant Prices,64258.67
252,India,13,Nagaland,2016,"Financial Year (Apr - Mar), 2016",2011-12,Current Prices,91347.46
253,India,13,Nagaland,2017,"Financial Year (Apr - Mar), 2017",2011-12,Constant Prices,66813.36
254,India,13,Nagaland,2017,"Financial Year (Apr - Mar), 2017",2011-12,Current Prices,102003.25
255,India,13,Nagaland,2018,"Financial Year (Apr - Mar), 2018",2011-12,Constant Prices,70217.83
256,India,13,Nagaland,2018,"Financial Year (Apr - Mar), 2018",2011-12,Current Prices,109197.64
257,India,13,Nagaland,2019,"Financial Year (Apr - Mar), 2019",2011-12,Constant Prices,71246.75
258,India,13,Nagaland,2019,"Financial Year (Apr - Mar), 2019",2011-12,Current Prices,120517.88
259,India,13,Nagaland,2020,"Financial Year (Apr - Mar), 2020",2011-12,Constant Prices,
260,India,13,Nagaland,2020,"Financial Year (Apr - Mar), 2020",2011-12,Current Prices,
261,India,14,Manipur,2011,"Financial Year (Apr - Mar), 2011",2011-12,Constant Prices,39761.68
262,India,14,Manipur,2011,"Financial Year (Apr - Mar), 2011",2011-12,Current Prices,39761.69
263,India,14,Manipur,2012,"Financial Year (Apr - Mar), 2012",2011-12,Constant Prices,38953.60
264,India,14,Manipur,2012,"Financial Year (Apr - Mar), 2012",2011-12,Current Prices,41230.32
265,India,14,Manipur,2013,"Financial Year (Apr - Mar), 2013",2011-12,Constant Prices,41441.45
266,India,14,Manipur,2013,"Financial Year (Apr - Mar), 2013",2011-12,Current Prices,47797.50
267,India,14,Manipur,2014,"Financial Year (Apr - Mar), 2014",2011-12,Constant Prices,44100.57
268,India,14,Manipur,2014,"Financial Year (Apr - Mar), 2014",2011-12,Current Prices,52717.10
269,India,14,Manipur,2015,"Financial Year (Apr - Mar), 2015",2011-12,Constant Prices,46388.67
270,India,14,Manipur,2015,"Financial Year (Apr - Mar), 2015",2011-12,Current Prices,55447.40
271,India,14,Manipur,2016,"Financial Year (Apr - Mar), 2016",2011-12,Constant Prices,47150.81
272,India,14,Manipur,2016,"Financial Year (Apr - Mar), 2016",2011-12,Current Prices,59345.11
273,India,14,Manipur,2017,"Financial Year (Apr - Mar), 2017",2011-12,Constant Prices,51210.76
274,India,14,Manipur,2017,"Financial Year (Apr - Mar), 2017",2011-12,Current Prices,71507.30
275,India,14,Manipur,2018,"Financial Year (Apr - Mar), 2018",2011-12,Constant Prices,51179.70
276,India,14,Manipur,2018,"Financial Year (Apr - Mar), 2018",2011-12,Current Prices,75229.11
277,India,14,Manipur,2019,"Financial Year (Apr - Mar), 2019",2011-12,Constant Prices,53929.58
278,India,14,Manipur,2019,"Financial Year (Apr - Mar), 2019",2011-12,Current Prices,84746.41
279,India,14,Manipur,2020,"Financial Year (Apr - Mar), 2020",2011-12,Constant Prices,
280,India,14,Manipur,2020,"Financial Year (Apr - Mar), 2020",2011-12,Current Prices,
281,India,15,Mizoram,2011,"Financial Year (Apr - Mar), 2011",2011-12,Constant Prices,57654.03
282,India,15,Mizoram,2011,"Financial Year (Apr - Mar), 2011",2011-12,Current Prices,57654.03
283,India,15,Mizoram,2012,"Financial Year (Apr - Mar), 2012",2011-12,Constant Prices,60261.41
284,India,15,Mizoram,2012,"Financial Year (Apr - Mar), 2012",2011-12,Current Prices,65012.99
285,India,15,Mizoram,2013,"Financial Year (Apr - Mar), 2013",2011-12,Constant Prices,67594.13
286,India,15,Mizoram,2013,"Financial Year (Apr - Mar), 2013",2011-12,Current Prices,77584.11
287,India,15,Mizoram,2014,"Financial Year (Apr - Mar), 2014",2011-12,Constant Prices,85055.68
288,India,15,Mizoram,2014,"Financial Year (Apr - Mar), 2014",2011-12,Current Prices,103049.10
289,India,15,Mizoram,2015,"Financial Year (Apr - Mar), 2015",2011-12,Constant Prices,91844.83
290,India,15,Mizoram,2015,"Financial Year (Apr - Mar), 2015",2011-12,Current Prices,114054.64
291,India,15,Mizoram,2016,"Financial Year (Apr - Mar), 2016",2011-12,Constant Prices,99088.74
292,India,15,Mizoram,2016,"Financial Year (Apr - Mar), 2016",2011-12,Current Prices,127107.23
293,India,15,Mizoram,2017,"Financial Year (Apr - Mar), 2017",2011-12,Constant Prices,117271.60
294,India,15,Mizoram,2017,"Financial Year (Apr - Mar), 2017",2011-12,Current Prices,155222.29
295,India,15,Mizoram,2018,"Financial Year (Apr - Mar), 2018",2011-12,Constant Prices,118794.79
296,India,15,Mizoram,2018,"Financial Year (Apr - Mar), 2018",2011-12,Current Prices,164429.43
297,India,15,Mizoram,2019,"Financial Year (Apr - Mar), 2019",2011-12,Constant Prices,131780.80
298,India,15,Mizoram,2019,"Financial Year (Apr - Mar), 2019",2011-12,Current Prices,187327.09
299,India,15,Mizoram,2020,"Financial Year (Apr - Mar), 2020",2011-12,Constant Prices,
300,India,15,Mizoram,2020,"Financial Year (Apr - Mar), 2020",2011-12,Current Prices,
301,India,16,Tripura,2011,"Financial Year (Apr - Mar), 2011",2011-12,Constant Prices,47155.00
302,India,16,Tripura,2011,"Financial Year (Apr - Mar), 2011",2011-12,Current Prices,47155.00
303,India,16,Tripura,2012,"Financial Year (Apr - Mar), 2012",2011-12,Constant Prices,50501.00
304,India,16,Tripura,2012,"Financial Year (Apr - Mar), 2012",2011-12,Current Prices,52574.00
305,India,16,Tripura,2013,"Financial Year (Apr - Mar), 2013",2011-12,Constant Prices,54645.00
306,India,16,Tripura,2013,"Financial Year (Apr - Mar), 2013",2011-12,Current Prices,61815.00
307,India,16,Tripura,2014,"Financial Year (Apr - Mar), 2014",2011-12,Constant Prices,63992.00
308,India,16,Tripura,2014,"Financial Year (Apr - Mar), 2014",2011-12,Current Prices,69857.00
309,India,16,Tripura,2015,"Financial Year (Apr - Mar), 2015",2011-12,Constant Prices,61612.00
310,India,16,Tripura,2015,"Financial Year (Apr - Mar), 2015",2011-12,Current Prices,84267.00
311,India,16,Tripura,2016,"Financial Year (Apr - Mar), 2016",2011-12,Constant Prices,69860.00
312,India,16,Tripura,2016,"Financial Year (Apr - Mar), 2016",2011-12,Current Prices,91596.00
313,India,16,Tripura,2017,"Financial Year (Apr - Mar), 2017",2011-12,Constant Prices,75019.53
314,India,16,Tripura,2017,"Financial Year (Apr - Mar), 2017",2011-12,Current Prices,100444.01
315,India,16,Tripura,2018,"Financial Year (Apr - Mar), 2018",2011-12,Constant Prices,82313.49
316,India,16,Tripura,2018,"Financial Year (Apr - Mar), 2018",2011-12,Current Prices,113015.50
317,India,16,Tripura,2019,"Financial Year (Apr - Mar), 2019",2011-12,Constant Prices,89234.42
318,India,16,Tripura,2019,"Financial Year (Apr - Mar), 2019",2011-12,Current Prices,125674.63
319,India,16,Tripura,2020,"Financial Year (Apr - Mar), 2020",2011-12,Constant Prices,91547.29
320,India,16,Tripura,2020,"Financial Year (Apr - Mar), 2020",2011-12,Current Prices,129995.42
321,India,17,Meghalaya,2011,"Financial Year (Apr - Mar), 2011",2011-12,Constant Prices,60013.39
322,India,17,Meghalaya,2011,"Financial Year (Apr - Mar), 2011",2011-12,Current Prices,60013.41
323,India,17,Meghalaya,2012,"Financial Year (Apr - Mar), 2012",2011-12,Constant Prices,59703.11
324,India,17,Meghalaya,2012,"Financial Year (Apr - Mar), 2012",2011-12,Current Prices,64035.63
325,India,17,Meghalaya,2013,"Financial Year (Apr - Mar), 2013",2011-12,Constant Prices,58681.18
326,India,17,Meghalaya,2013,"Financial Year (Apr - Mar), 2013",2011-12,Current Prices,65118.13
327,India,17,Meghalaya,2014,"Financial Year (Apr - Mar), 2014",2011-12,Constant Prices,55880.24
328,India,17,Meghalaya,2014,"Financial Year (Apr - Mar), 2014",2011-12,Current Prices,64637.51
329,India,17,Meghalaya,2015,"Financial Year (Apr - Mar), 2015",2011-12,Constant Prices,56038.63
330,India,17,Meghalaya,2015,"Financial Year (Apr - Mar), 2015",2011-12,Current Prices,68835.70
331,India,17,Meghalaya,2016,"Financial Year (Apr - Mar), 2016",2011-12,Constant Prices,57751.75
332,India,17,Meghalaya,2016,"Financial Year (Apr - Mar), 2016",2011-12,Current Prices,73753.23
333,India,17,Meghalaya,2017,"Financial Year (Apr - Mar), 2017",2011-12,Constant Prices,58493.07
334,India,17,Meghalaya,2017,"Financial Year (Apr - Mar), 2017",2011-12,Current Prices,77504.17
335,India,17,Meghalaya,2018,"Financial Year (Apr - Mar), 2018",2011-12,Constant Prices,60131.77
336,India,17,Meghalaya,2018,"Financial Year (Apr - Mar), 2018",2011-12,Current Prices,82652.84
337,India,17,Meghalaya,2019,"Financial Year (Apr - Mar), 2019",2011-12,Constant Prices,62434.78
338,India,17,Meghalaya,2019,"Financial Year (Apr - Mar), 2019",2011-12,Current Prices,87169.85
339,India,17,Meghalaya,2020,"Financial Year (Apr - Mar), 2020",2011-12,Constant Prices,56470.69
340,India,17,Meghalaya,2020,"Financial Year (Apr - Mar), 2020",2011-12,Current Prices,82182.48
341,India,18,Assam,2011,"Financial Year (Apr - Mar), 2011",2011-12,Constant Prices,41141.86
342,India,18,Assam,2011,"Financial Year (Apr - Mar), 2011",2011-12,Current Prices,41141.86
343,India,18,Assam,2012,"Financial Year (Apr - Mar), 2012",2011-12,Constant Prices,41609.39
344,India,18,Assam,2012,"Financial Year (Apr - Mar), 2012",2011-12,Current Prices,44599.18
345,India,18,Assam,2013,"Financial Year (Apr - Mar), 2013",2011-12,Constant Prices,43002.10
346,India,18,Assam,2013,"Financial Year (Apr - Mar), 2013",2011-12,Current Prices,49733.89
347,India,18,Assam,2014,"Financial Year (Apr - Mar), 2014",2011-12,Constant Prices,44808.55
348,India,18,Assam,2014,"Financial Year (Apr - Mar), 2014",2011-12,Current Prices,52894.57
349,India,18,Assam,2015,"Financial Year (Apr - Mar), 2015",2011-12,Constant Prices,50641.57
350,India,18,Assam,2015,"Financial Year (Apr - Mar), 2015",2011-12,Current Prices,60816.53
351,India,18,Assam,2016,"Financial Year (Apr - Mar), 2016",2011-12,Constant Prices,53575.08
352,India,18,Assam,2016,"Financial Year (Apr - Mar), 2016",2011-12,Current Prices,66329.60
353,India,18,Assam,2017,"Financial Year (Apr - Mar), 2017",2011-12,Constant Prices,57834.93
354,India,18,Assam,2017,"Financial Year (Apr - Mar), 2017",2011-12,Current Prices,75151.47
355,India,18,Assam,2018,"Financial Year (Apr - Mar), 2018",2011-12,Constant Prices,59942.89
356,India,18,Assam,2018,"Financial Year (Apr - Mar), 2018",2011-12,Current Prices,81033.70
357,India,18,Assam,2019,"Financial Year (Apr - Mar), 2019",2011-12,Constant Prices,60659.80
358,India,18,Assam,2019,"Financial Year (Apr - Mar), 2019",2011-12,Current Prices,86801.46
359,India,18,Assam,2020,"Financial Year (Apr - Mar), 2020",2011-12,Constant Prices,
360,India,18,Assam,2020,"Financial Year (Apr - Mar), 2020",2011-12,Current Prices,
361,India,19,West Bengal,2011,"Financial Year (Apr - Mar), 2011",2011-12,Constant Prices,51543.00
362,India,19,West Bengal,2011,"Financial Year (Apr - Mar), 2011",2011-12,Current Prices,51543.00
363,India,19,West Bengal,2012,"Financial Year (Apr - Mar), 2012",2011-12,Constant Prices,53157.00
364,India,19,West Bengal,2012,"Financial Year (Apr - Mar), 2012",2011-12,Current Prices,58195.00
365,India,19,West Bengal,2013,"Financial Year (Apr - Mar), 2013",2011-12,Constant Prices,53811.00
366,India,19,West Bengal,2013,"Financial Year (Apr - Mar), 2013",2011-12,Current Prices,65932.00
367,India,19,West Bengal,2014,"Financial Year (Apr - Mar), 2014",2011-12,Constant Prices,54520.00
368,India,19,West Bengal,2014,"Financial Year (Apr - Mar), 2014",2011-12,Current Prices,68876.00
369,India,19,West Bengal,2015,"Financial Year (Apr - Mar), 2015",2011-12,Constant Prices,57255.00
370,India,19,West Bengal,2015,"Financial Year (Apr - Mar), 2015",2011-12,Current Prices,75992.00
371,India,19,West Bengal,2016,"Financial Year (Apr - Mar), 2016",2011-12,Constant Prices,60618.00
372,India,19,West Bengal,2016,"Financial Year (Apr - Mar), 2016",2011-12,Current Prices,82291.00
373,India,19,West Bengal,2017,"Financial Year (Apr - Mar), 2017",2011-12,Constant Prices,64007.02
374,India,19,West Bengal,2017,"Financial Year (Apr - Mar), 2017",2011-12,Current Prices,91400.96
375,India,19,West Bengal,2018,"Financial Year (Apr - Mar), 2018",2011-12,Constant Prices,68211.84
376,India,19,West Bengal,2018,"Financial Year (Apr - Mar), 2018",2011-12,Current Prices,103943.91
377,India,19,West Bengal,2019,"Financial Year (Apr - Mar), 2019",2011-12,Constant Prices,71719.12
378,India,19,West Bengal,2019,"Financial Year (Apr - Mar), 2019",2011-12,Current Prices,113163.49
379,India,19,West Bengal,2020,"Financial Year (Apr - Mar), 2020",2011-12,Constant Prices,72202.01
380,India,19,West Bengal,2020,"Financial Year (Apr - Mar), 2020",2011-12,Current Prices,121267.44
381,India,20,Jharkhand,2011,"Financial Year (Apr - Mar), 2011",2011-12,Constant Prices,41253.82
382,India,20,Jharkhand,2011,"Financial Year (Apr - Mar), 2011",2011-12,Current Prices,41254.00
383,India,20,Jharkhand,2012,"Financial Year (Apr - Mar), 2012",2011-12,Constant Prices,44175.81
384,India,20,Jharkhand,2012,"Financial Year (Apr - Mar), 2012",2011-12,Current Prices,47360.00
385,India,20,Jharkhand,2013,"Financial Year (Apr - Mar), 2013",2011-12,Constant Prices,43779.24
386,India,20,Jharkhand,2013,"Financial Year (Apr - Mar), 2013",2011-12,Current Prices,50006.00
387,India,20,Jharkhand,2014,"Financial Year (Apr - Mar), 2014",2011-12,Constant Prices,48781.10
388,India,20,Jharkhand,2014,"Financial Year (Apr - Mar), 2014",2011-12,Current Prices,57301.00
389,India,20,Jharkhand,2015,"Financial Year (Apr - Mar), 2015",2011-12,Constant Prices,44524.49
390,India,20,Jharkhand,2015,"Financial Year (Apr - Mar), 2015",2011-12,Current Prices,52754.00
391,India,20,Jharkhand,2016,"Financial Year (Apr - Mar), 2016",2011-12,Constant Prices,48826.00
392,India,20,Jharkhand,2016,"Financial Year (Apr - Mar), 2016",2011-12,Current Prices,60018.00
393,India,20,Jharkhand,2017,"Financial Year (Apr - Mar), 2017",2011-12,Constant Prices,52276.67
394,India,20,Jharkhand,2017,"Financial Year (Apr - Mar), 2017",2011-12,Current Prices,67483.91
395,India,20,Jharkhand,2018,"Financial Year (Apr - Mar), 2018",2011-12,Constant Prices,56132.72
396,India,20,Jharkhand,2018,"Financial Year (Apr - Mar), 2018",2011-12,Current Prices,75421.47
397,India,20,Jharkhand,2019,"Financial Year (Apr - Mar), 2019",2011-12,Constant Prices,57246.16
398,India,20,Jharkhand,2019,"Financial Year (Apr - Mar), 2019",2011-12,Current Prices,77738.83
399,India,20,Jharkhand,2020,"Financial Year (Apr - Mar), 2020",2011-12,Constant Prices,53489.14
400,India,20,Jharkhand,2020,"Financial Year (Apr - Mar), 2020",2011-12,Current Prices,75587.18
401,India,21,Odisha,2011,"Financial Year (Apr - Mar), 2011",2011-12,Constant Prices,48499.36
402,India,21,Odisha,2011,"Financial Year (Apr - Mar), 2011",2011-12,Current Prices,48499.36
403,India,21,Odisha,2012,"Financial Year (Apr - Mar), 2012",2011-12,Constant Prices,51086.70
404,India,21,Odisha,2012,"Financial Year (Apr - Mar), 2012",2011-12,Current Prices,55104.51
405,India,21,Odisha,2013,"Financial Year (Apr - Mar), 2013",2011-12,Constant Prices,54762.01
406,India,21,Odisha,2013,"Financial Year (Apr - Mar), 2013",2011-12,Current Prices,61305.47
407,India,21,Odisha,2014,"Financial Year (Apr - Mar), 2014",2011-12,Constant Prices,55122.72
408,India,21,Odisha,2014,"Financial Year (Apr - Mar), 2014",2011-12,Current Prices,64232.94
409,India,21,Odisha,2015,"Financial Year (Apr - Mar), 2015",2011-12,Constant Prices,58838.00
410,India,21,Odisha,2015,"Financial Year (Apr - Mar), 2015",2011-12,Current Prices,65992.52
411,India,21,Odisha,2016,"Financial Year (Apr - Mar), 2016",2011-12,Constant Prices,67851.12
412,India,21,Odisha,2016,"Financial Year (Apr - Mar), 2016",2011-12,Current Prices,79181.00
413,India,21,Odisha,2017,"Financial Year (Apr - Mar), 2017",2011-12,Constant Prices,72922.46
414,India,21,Odisha,2017,"Financial Year (Apr - Mar), 2017",2011-12,Current Prices,89353.00
415,India,21,Odisha,2018,"Financial Year (Apr - Mar), 2018",2011-12,Constant Prices,77530.62
416,India,21,Odisha,2018,"Financial Year (Apr - Mar), 2018",2011-12,Current Prices,100771.00
417,India,21,Odisha,2019,"Financial Year (Apr - Mar), 2019",2011-12,Constant Prices,82257.11
418,India,21,Odisha,2019,"Financial Year (Apr - Mar), 2019",2011-12,Current Prices,110434.00
419,India,21,Odisha,2020,"Financial Year (Apr - Mar), 2020",2011-12,Constant Prices,79203.11
420,India,21,Odisha,2020,"Financial Year (Apr - Mar), 2020",2011-12,Current Prices,109730.00
421,India,22,Chhattisgarh,2011,"Financial Year (Apr - Mar), 2011",2011-12,Constant Prices,55176.82
422,India,22,Chhattisgarh,2011,"Financial Year (Apr - Mar), 2011",2011-12,Current Prices,55176.82
423,India,22,Chhattisgarh,2012,"Financial Year (Apr - Mar), 2012",2011-12,Constant Prices,56776.57
424,India,22,Chhattisgarh,2012,"Financial Year (Apr - Mar), 2012",2011-12,Current Prices,60849.36
425,India,22,Chhattisgarh,2013,"Financial Year (Apr - Mar), 2013",2011-12,Constant Prices,61408.63
426,India,22,Chhattisgarh,2013,"Financial Year (Apr - Mar), 2013",2011-12,Current Prices,69880.37
427,India,22,Chhattisgarh,2014,"Financial Year (Apr - Mar), 2014",2011-12,Constant Prices,61122.32
428,India,22,Chhattisgarh,2014,"Financial Year (Apr - Mar), 2014",2011-12,Current Prices,72935.96
429,India,22,Chhattisgarh,2015,"Financial Year (Apr - Mar), 2015",2011-12,Constant Prices,61433.33
430,India,22,Chhattisgarh,2015,"Financial Year (Apr - Mar), 2015",2011-12,Current Prices,72991.16
431,India,22,Chhattisgarh,2016,"Financial Year (Apr - Mar), 2016",2011-12,Constant Prices,67139.00
432,India,22,Chhattisgarh,2016,"Financial Year (Apr - Mar), 2016",2011-12,Current Prices,83285.00
433,India,22,Chhattisgarh,2017,"Financial Year (Apr - Mar), 2017",2011-12,Constant Prices,68374.16
434,India,22,Chhattisgarh,2017,"Financial Year (Apr - Mar), 2017",2011-12,Current Prices,89690.27
435,India,22,Chhattisgarh,2018,"Financial Year (Apr - Mar), 2018",2011-12,Constant Prices,72536.84
436,India,22,Chhattisgarh,2018,"Financial Year (Apr - Mar), 2018",2011-12,Current Prices,98254.24
437,India,22,Chhattisgarh,2019,"Financial Year (Apr - Mar), 2019",2011-12,Constant Prices,75277.73
438,India,22,Chhattisgarh,2019,"Financial Year (Apr - Mar), 2019",2011-12,Current Prices,105089.11
439,India,22,Chhattisgarh,2020,"Financial Year (Apr - Mar), 2020",2011-12,Constant Prices,72236.09
440,India,22,Chhattisgarh,2020,"Financial Year (Apr - Mar), 2020",2011-12,Current Prices,104943.31
441,India,23,Madhya Pradesh,2011,"Financial Year (Apr - Mar), 2011",2011-12,Constant Prices,38497.44
442,India,23,Madhya Pradesh,2011,"Financial Year (Apr - Mar), 2011",2011-12,Current Prices,38497.00
443,India,23,Madhya Pradesh,2012,"Financial Year (Apr - Mar), 2012",2011-12,Constant Prices,41141.98
444,India,23,Madhya Pradesh,2012,"Financial Year (Apr - Mar), 2012",2011-12,Current Prices,44773.00
445,India,23,Madhya Pradesh,2013,"Financial Year (Apr - Mar), 2013",2011-12,Constant Prices,42548.38
446,India,23,Madhya Pradesh,2013,"Financial Year (Apr - Mar), 2013",2011-12,Current Prices,51849.00
447,India,23,Madhya Pradesh,2014,"Financial Year (Apr - Mar), 2014",2011-12,Constant Prices,44026.59
448,India,23,Madhya Pradesh,2014,"Financial Year (Apr - Mar), 2014",2011-12,Current Prices,55678.00
449,India,23,Madhya Pradesh,2015,"Financial Year (Apr - Mar), 2015",2011-12,Constant Prices,47350.99
450,India,23,Madhya Pradesh,2015,"Financial Year (Apr - Mar), 2015",2011-12,Current Prices,62080.00
451,India,23,Madhya Pradesh,2016,"Financial Year (Apr - Mar), 2016",2011-12,Constant Prices,52781.51
452,India,23,Madhya Pradesh,2016,"Financial Year (Apr - Mar), 2016",2011-12,Current Prices,74324.14
453,India,23,Madhya Pradesh,2017,"Financial Year (Apr - Mar), 2017",2011-12,Constant Prices,54829.49
454,India,23,Madhya Pradesh,2017,"Financial Year (Apr - Mar), 2017",2011-12,Current Prices,81972.75
455,India,23,Madhya Pradesh,2018,"Financial Year (Apr - Mar), 2018",2011-12,Constant Prices,57401.16
456,India,23,Madhya Pradesh,2018,"Financial Year (Apr - Mar), 2018",2011-12,Current Prices,90486.58
457,India,23,Madhya Pradesh,2019,"Financial Year (Apr - Mar), 2019",2011-12,Constant Prices,62235.85
458,India,23,Madhya Pradesh,2019,"Financial Year (Apr - Mar), 2019",2011-12,Current Prices,103288.17
459,India,23,Madhya Pradesh,2020,"Financial Year (Apr - Mar), 2020",2011-12,Constant Prices,58424.64
460,India,23,Madhya Pradesh,2020,"Financial Year (Apr - Mar), 2020",2011-12,Current Prices,98418.19
461,India,24,Gujarat,2011,"Financial Year (Apr - Mar), 2011",2011-12,Constant Prices,87480.62
462,India,24,Gujarat,2011,"Financial Year (Apr - Mar), 2011",2011-12,Current Prices,87480.62
463,India,24,Gujarat,2012,"Financial Year (Apr - Mar), 2012",2011-12,Constant Prices,96682.84
464,India,24,Gujarat,2012,"Financial Year (Apr - Mar), 2012",2011-12,Current Prices,102826.24
465,India,24,Gujarat,2013,"Financial Year (Apr - Mar), 2013",2011-12,Constant Prices,102588.97
466,India,24,Gujarat,2013,"Financial Year (Apr - Mar), 2013",2011-12,Current Prices,113138.65
467,India,24,Gujarat,2014,"Financial Year (Apr - Mar), 2014",2011-12,Constant Prices,111369.95
468,India,24,Gujarat,2014,"Financial Year (Apr - Mar), 2014",2011-12,Current Prices,127016.59
469,India,24,Gujarat,2015,"Financial Year (Apr - Mar), 2015",2011-12,Constant Prices,120683.38
470,India,24,Gujarat,2015,"Financial Year (Apr - Mar), 2015",2011-12,Current Prices,139253.97
471,India,24,Gujarat,2016,"Financial Year (Apr - Mar), 2016",2011-12,Constant Prices,129737.63
472,India,24,Gujarat,2016,"Financial Year (Apr - Mar), 2016",2011-12,Current Prices,156294.97
473,India,24,Gujarat,2017,"Financial Year (Apr - Mar), 2017",2011-12,Constant Prices,143604.44
474,India,24,Gujarat,2017,"Financial Year (Apr - Mar), 2017",2011-12,Current Prices,176961.39
475,India,24,Gujarat,2018,"Financial Year (Apr - Mar), 2018",2011-12,Constant Prices,154887.25
476,India,24,Gujarat,2018,"Financial Year (Apr - Mar), 2018",2011-12,Current Prices,197456.87
477,India,24,Gujarat,2019,"Financial Year (Apr - Mar), 2019",2011-12,Constant Prices,164309.85
478,India,24,Gujarat,2019,"Financial Year (Apr - Mar), 2019",2011-12,Current Prices,213935.88
479,India,24,Gujarat,2020,"Financial Year (Apr - Mar), 2020",2011-12,Constant Prices,
480,India,24,Gujarat,2020,"Financial Year (Apr - Mar), 2020",2011-12,Current Prices,
481,India,27,Maharashtra,2011,"Financial Year (Apr - Mar), 2011",2011-12,Constant Prices,99597.29
482,India,27,Maharashtra,2011,"Financial Year (Apr - Mar), 2011",2011-12,Current Prices,99597.29
483,India,27,Maharashtra,2012,"Financial Year (Apr - Mar), 2012",2011-12,Constant Prices,104008.43
484,India,27,Maharashtra,2012,"Financial Year (Apr - Mar), 2012",2011-12,Current Prices,112092.37
485,India,27,Maharashtra,2013,"Financial Year (Apr - Mar), 2013",2011-12,Constant Prices,109596.67
486,India,27,Maharashtra,2013,"Financial Year (Apr - Mar), 2013",2011-12,Current Prices,125261.13
487,India,27,Maharashtra,2014,"Financial Year (Apr - Mar), 2014",2011-12,Constant Prices,115058.24
488,India,27,Maharashtra,2014,"Financial Year (Apr - Mar), 2014",2011-12,Current Prices,132836.44
489,India,27,Maharashtra,2015,"Financial Year (Apr - Mar), 2015",2011-12,Constant Prices,122889.19
490,India,27,Maharashtra,2015,"Financial Year (Apr - Mar), 2015",2011-12,Current Prices,146814.85
491,India,27,Maharashtra,2016,"Financial Year (Apr - Mar), 2016",2011-12,Constant Prices,133686.29
492,India,27,Maharashtra,2016,"Financial Year (Apr - Mar), 2016",2011-12,Current Prices,163726.04
493,India,27,Maharashtra,2017,"Financial Year (Apr - Mar), 2017",2011-12,Constant Prices,139957.71
494,India,27,Maharashtra,2017,"Financial Year (Apr - Mar), 2017",2011-12,Current Prices,172663.12
495,India,27,Maharashtra,2018,"Financial Year (Apr - Mar), 2018",2011-12,Constant Prices,147097.46
496,India,27,Maharashtra,2018,"Financial Year (Apr - Mar), 2018",2011-12,Current Prices,187117.76
497,India,27,Maharashtra,2019,"Financial Year (Apr - Mar), 2019",2011-12,Constant Prices,152566.03
498,India,27,Maharashtra,2019,"Financial Year (Apr - Mar), 2019",2011-12,Current Prices,202129.62
499,India,27,Maharashtra,2020,"Financial Year (Apr - Mar), 2020",2011-12,Constant Prices,
500,India,27,Maharashtra,2020,"Financial Year (Apr - Mar), 2020",2011-12,Current Prices,
501,India,28,Andhra Pradesh,2011,"Financial Year (Apr - Mar), 2011",2011-12,Constant Prices,69000.00
502,India,28,Andhra Pradesh,2011,"Financial Year (Apr - Mar), 2011",2011-12,Current Prices,69000.00
503,India,28,Andhra Pradesh,2012,"Financial Year (Apr - Mar), 2012",2011-12,Constant Prices,68865.00
504,India,28,Andhra Pradesh,2012,"Financial Year (Apr - Mar), 2012",2011-12,Current Prices,74687.00
505,India,28,Andhra Pradesh,2013,"Financial Year (Apr - Mar), 2013",2011-12,Constant Prices,72254.00
506,India,28,Andhra Pradesh,2013,"Financial Year (Apr - Mar), 2013",2011-12,Current Prices,82870.00
507,India,28,Andhra Pradesh,2014,"Financial Year (Apr - Mar), 2014",2011-12,Constant Prices,79174.00
508,India,28,Andhra Pradesh,2014,"Financial Year (Apr - Mar), 2014",2011-12,Current Prices,93903.00
509,India,28,Andhra Pradesh,2015,"Financial Year (Apr - Mar), 2015",2011-12,Constant Prices,88609.00
510,India,28,Andhra Pradesh,2015,"Financial Year (Apr - Mar), 2015",2011-12,Current Prices,108002.00
511,India,28,Andhra Pradesh,2016,"Financial Year (Apr - Mar), 2016",2011-12,Constant Prices,94114.57
512,India,28,Andhra Pradesh,2016,"Financial Year (Apr - Mar), 2016",2011-12,Current Prices,120676.50
513,India,28,Andhra Pradesh,2017,"Financial Year (Apr - Mar), 2017",2011-12,Constant Prices,103177.38
514,India,28,Andhra Pradesh,2017,"Financial Year (Apr - Mar), 2017",2011-12,Current Prices,138298.65
515,India,28,Andhra Pradesh,2018,"Financial Year (Apr - Mar), 2018",2011-12,Constant Prices,107286.46
516,India,28,Andhra Pradesh,2018,"Financial Year (Apr - Mar), 2018",2011-12,Current Prices,152285.70
517,India,28,Andhra Pradesh,2019,"Financial Year (Apr - Mar), 2019",2011-12,Constant Prices,113926.67
518,India,28,Andhra Pradesh,2019,"Financial Year (Apr - Mar), 2019",2011-12,Current Prices,168479.98
519,India,28,Andhra Pradesh,2020,"Financial Year (Apr - Mar), 2020",2011-12,Constant Prices,110453.03
520,India,28,Andhra Pradesh,2020,"Financial Year (Apr - Mar), 2020",2011-12,Current Prices,170215.00
521,India,29,Karnataka,2011,"Financial Year (Apr - Mar), 2011",2011-12,Constant Prices,90262.55
522,India,29,Karnataka,2011,"Financial Year (Apr - Mar), 2011",2011-12,Current Prices,90262.55
523,India,29,Karnataka,2012,"Financial Year (Apr - Mar), 2012",2011-12,Constant Prices,94375.25
524,India,29,Karnataka,2012,"Financial Year (Apr - Mar), 2012",2011-12,Current Prices,102319.16
525,India,29,Karnataka,2013,"Financial Year (Apr - Mar), 2013",2011-12,Constant Prices,101857.51
526,India,29,Karnataka,2013,"Financial Year (Apr - Mar), 2013",2011-12,Current Prices,118829.33
527,India,29,Karnataka,2014,"Financial Year (Apr - Mar), 2014",2011-12,Constant Prices,105697.29
528,India,29,Karnataka,2014,"Financial Year (Apr - Mar), 2014",2011-12,Current Prices,130024.01
529,India,29,Karnataka,2015,"Financial Year (Apr - Mar), 2015",2011-12,Constant Prices,116813.07
530,India,29,Karnataka,2015,"Financial Year (Apr - Mar), 2015",2011-12,Current Prices,148107.72
531,India,29,Karnataka,2016,"Financial Year (Apr - Mar), 2016",2011-12,Constant Prices,131186.39
532,India,29,Karnataka,2016,"Financial Year (Apr - Mar), 2016",2011-12,Current Prices,169898.00
533,India,29,Karnataka,2017,"Financial Year (Apr - Mar), 2017",2011-12,Constant Prices,141229.35
534,India,29,Karnataka,2017,"Financial Year (Apr - Mar), 2017",2011-12,Current Prices,186404.79
535,India,29,Karnataka,2018,"Financial Year (Apr - Mar), 2018",2011-12,Constant Prices,148690.29
536,India,29,Karnataka,2018,"Financial Year (Apr - Mar), 2018",2011-12,Current Prices,205697.10
537,India,29,Karnataka,2019,"Financial Year (Apr - Mar), 2019",2011-12,Constant Prices,154860.52
538,India,29,Karnataka,2019,"Financial Year (Apr - Mar), 2019",2011-12,Current Prices,223175.11
539,India,29,Karnataka,2020,"Financial Year (Apr - Mar), 2020",2011-12,Constant Prices,149824.88
540,India,29,Karnataka,2020,"Financial Year (Apr - Mar), 2020",2011-12,Current Prices,226795.60
541,India,30,Goa,2011,"Financial Year (Apr - Mar), 2011",2011-12,Constant Prices,259444.00
542,India,30,Goa,2011,"Financial Year (Apr - Mar), 2011",2011-12,Current Prices,259444.01
543,India,30,Goa,2012,"Financial Year (Apr - Mar), 2012",2011-12,Constant Prices,220019.33
544,India,30,Goa,2012,"Financial Year (Apr - Mar), 2012",2011-12,Current Prices,234354.35
545,India,30,Goa,2013,"Financial Year (Apr - Mar), 2013",2011-12,Constant Prices,188357.59
546,India,30,Goa,2013,"Financial Year (Apr - Mar), 2013",2011-12,Current Prices,215776.33
547,India,30,Goa,2014,"Financial Year (Apr - Mar), 2014",2011-12,Constant Prices,241081.48
548,India,30,Goa,2014,"Financial Year (Apr - Mar), 2014",2011-12,Current Prices,289184.55
549,India,30,Goa,2015,"Financial Year (Apr - Mar), 2015",2011-12,Constant Prices,278600.95
550,India,30,Goa,2015,"Financial Year (Apr - Mar), 2015",2011-12,Current Prices,334576.10
551,India,30,Goa,2016,"Financial Year (Apr - Mar), 2016",2011-12,Constant Prices,305875.20
552,India,30,Goa,2016,"Financial Year (Apr - Mar), 2016",2011-12,Current Prices,378952.86
553,India,30,Goa,2017,"Financial Year (Apr - Mar), 2017",2011-12,Constant Prices,308296.31
554,India,30,Goa,2017,"Financial Year (Apr - Mar), 2017",2011-12,Current Prices,411739.84
555,India,30,Goa,2018,"Financial Year (Apr - Mar), 2018",2011-12,Constant Prices,337031.34
556,India,30,Goa,2018,"Financial Year (Apr - Mar), 2018",2011-12,Current Prices,423715.66
557,India,30,Goa,2019,"Financial Year (Apr - Mar), 2019",2011-12,Constant Prices,303686.81
558,India,30,Goa,2019,"Financial Year (Apr - Mar), 2019",2011-12,Current Prices,435959.22
559,India,30,Goa,2020,"Financial Year (Apr - Mar), 2020",2011-12,Constant Prices,
560,India,30,Goa,2020,"Financial Year (Apr - Mar), 2020",2011-12,Current Prices,
561,India,32,Kerala,2011,"Financial Year (Apr - Mar), 2011",2011-12,Constant Prices,97912.42
562,India,32,Kerala,2011,"Financial Year (Apr - Mar), 2011",2011-12,Current Prices,97912.42
563,India,32,Kerala,2012,"Financial Year (Apr - Mar), 2012",2011-12,Constant Prices,103550.76
564,India,32,Kerala,2012,"Financial Year (Apr - Mar), 2012",2011-12,Current Prices,110313.73
565,India,32,Kerala,2013,"Financial Year (Apr - Mar), 2013",2011-12,Constant Prices,107845.94
566,India,32,Kerala,2013,"Financial Year (Apr - Mar), 2013",2011-12,Current Prices,123387.70
567,India,32,Kerala,2014,"Financial Year (Apr - Mar), 2014",2011-12,Constant Prices,112444.44
568,India,32,Kerala,2014,"Financial Year (Apr - Mar), 2014",2011-12,Current Prices,135537.49
569,India,32,Kerala,2015,"Financial Year (Apr - Mar), 2015",2011-12,Constant Prices,120386.55
570,India,32,Kerala,2015,"Financial Year (Apr - Mar), 2015",2011-12,Current Prices,148132.63
571,India,32,Kerala,2016,"Financial Year (Apr - Mar), 2016",2011-12,Constant Prices,129250.63
572,India,32,Kerala,2016,"Financial Year (Apr - Mar), 2016",2011-12,Current Prices,166245.88
573,India,32,Kerala,2017,"Financial Year (Apr - Mar), 2017",2011-12,Constant Prices,137181.18
574,India,32,Kerala,2017,"Financial Year (Apr - Mar), 2017",2011-12,Current Prices,183251.67
575,India,32,Kerala,2018,"Financial Year (Apr - Mar), 2018",2011-12,Constant Prices,145521.06
576,India,32,Kerala,2018,"Financial Year (Apr - Mar), 2018",2011-12,Current Prices,205657.23
577,India,32,Kerala,2019,"Financial Year (Apr - Mar), 2019",2011-12,Constant Prices,149563.40
578,India,32,Kerala,2019,"Financial Year (Apr - Mar), 2019",2011-12,Current Prices,221903.75
579,India,32,Kerala,2020,"Financial Year (Apr - Mar), 2020",2011-12,Constant Prices,
580,India,32,Kerala,2020,"Financial Year (Apr - Mar), 2020",2011-12,Current Prices,
581,India,33,Tamil Nadu,2011,"Financial Year (Apr - Mar), 2011",2011-12,Constant Prices,93112.00
582,India,33,Tamil Nadu,2011,"Financial Year (Apr - Mar), 2011",2011-12,Current Prices,93112.00
583,India,33,Tamil Nadu,2012,"Financial Year (Apr - Mar), 2012",2011-12,Constant Prices,97257.00
584,India,33,Tamil Nadu,2012,"Financial Year (Apr - Mar), 2012",2011-12,Current Prices,105340.00
585,India,33,Tamil Nadu,2013,"Financial Year (Apr - Mar), 2013",2011-12,Constant Prices,102191.00
586,India,33,Tamil Nadu,2013,"Financial Year (Apr - Mar), 2013",2011-12,Current Prices,116960.00
587,India,33,Tamil Nadu,2014,"Financial Year (Apr - Mar), 2014",2011-12,Constant Prices,107117.00
588,India,33,Tamil Nadu,2014,"Financial Year (Apr - Mar), 2014",2011-12,Current Prices,129494.00
589,India,33,Tamil Nadu,2015,"Financial Year (Apr - Mar), 2015",2011-12,Constant Prices,115875.00
590,India,33,Tamil Nadu,2015,"Financial Year (Apr - Mar), 2015",2011-12,Current Prices,142028.00
591,India,33,Tamil Nadu,2016,"Financial Year (Apr - Mar), 2016",2011-12,Constant Prices,123205.77
592,India,33,Tamil Nadu,2016,"Financial Year (Apr - Mar), 2016",2011-12,Current Prices,156595.09
593,India,33,Tamil Nadu,2017,"Financial Year (Apr - Mar), 2017",2011-12,Constant Prices,133028.55
594,India,33,Tamil Nadu,2017,"Financial Year (Apr - Mar), 2017",2011-12,Current Prices,175275.51
595,India,33,Tamil Nadu,2018,"Financial Year (Apr - Mar), 2018",2011-12,Constant Prices,141843.85
596,India,33,Tamil Nadu,2018,"Financial Year (Apr - Mar), 2018",2011-12,Current Prices,194372.98
597,India,33,Tamil Nadu,2019,"Financial Year (Apr - Mar), 2019",2011-12,Constant Prices,149329.15
598,India,33,Tamil Nadu,2019,"Financial Year (Apr - Mar), 2019",2011-12,Current Prices,213396.21
599,India,33,Tamil Nadu,2020,"Financial Year (Apr - Mar), 2020",2011-12,Constant Prices,150989.60
600,India,33,Tamil Nadu,2020,"Financial Year (Apr - Mar), 2020",2011-12,Current Prices,225105.70
601,India,34,Puducherry,2011,"Financial Year (Apr - Mar), 2011",2011-12,Constant Prices,119649.25
602,India,34,Puducherry,2011,"Financial Year (Apr - Mar), 2011",2011-12,Current Prices,119649.25
603,India,34,Puducherry,2012,"Financial Year (Apr - Mar), 2012",2011-12,Constant Prices,119195.77
604,India,34,Puducherry,2012,"Financial Year (Apr - Mar), 2012",2011-12,Current Prices,130548.35
605,India,34,Puducherry,2013,"Financial Year (Apr - Mar), 2013",2011-12,Constant Prices,129127.42
606,India,34,Puducherry,2013,"Financial Year (Apr - Mar), 2013",2011-12,Current Prices,148147.04
607,India,34,Puducherry,2014,"Financial Year (Apr - Mar), 2014",2011-12,Constant Prices,117101.99
608,India,34,Puducherry,2014,"Financial Year (Apr - Mar), 2014",2011-12,Current Prices,146920.52
609,India,34,Puducherry,2015,"Financial Year (Apr - Mar), 2015",2011-12,Constant Prices,120999.75
610,India,34,Puducherry,2015,"Financial Year (Apr - Mar), 2015",2011-12,Current Prices,172726.75
611,India,34,Puducherry,2016,"Financial Year (Apr - Mar), 2016",2011-12,Constant Prices,126556.33
612,India,34,Puducherry,2016,"Financial Year (Apr - Mar), 2016",2011-12,Current Prices,187356.50
613,India,34,Puducherry,2017,"Financial Year (Apr - Mar), 2017",2011-12,Constant Prices,134869.67
614,India,34,Puducherry,2017,"Financial Year (Apr - Mar), 2017",2011-12,Current Prices,198364.35
615,India,34,Puducherry,2018,"Financial Year (Apr - Mar), 2018",2011-12,Constant Prices,154843.26
616,India,34,Puducherry,2018,"Financial Year (Apr - Mar), 2018",2011-12,Current Prices,219785.42
617,India,34,Puducherry,2019,"Financial Year (Apr - Mar), 2019",2011-12,Constant Prices,150229.76
618,India,34,Puducherry,2019,"Financial Year (Apr - Mar), 2019",2011-12,Current Prices,221492.52
619,India,34,Puducherry,2020,"Financial Year (Apr - Mar), 2020",2011-12,Constant Prices,143708.55
620,India,34,Puducherry,2020,"Financial Year (Apr - Mar), 2020",2011-12,Current Prices,210467.01
621,India,35,Andaman And Nicobar Islands,2011,"Financial Year (Apr - Mar), 2011",2011-12,Constant Prices,89100.00
622,India,35,Andaman And Nicobar Islands,2011,"Financial Year (Apr - Mar), 2011",2011-12,Current Prices,89100.00
623,India,35,Andaman And Nicobar Islands,2012,"Financial Year (Apr - Mar), 2012",2011-12,Constant Prices,92643.89
624,India,35,Andaman And Nicobar Islands,2012,"Financial Year (Apr - Mar), 2012",2011-12,Current Prices,98777.00
625,India,35,Andaman And Nicobar Islands,2013,"Financial Year (Apr - Mar), 2013",2011-12,Constant Prices,98735.45
626,India,35,Andaman And Nicobar Islands,2013,"Financial Year (Apr - Mar), 2013",2011-12,Current Prices,111087.00
627,India,35,Andaman And Nicobar Islands,2014,"Financial Year (Apr - Mar), 2014",2011-12,Constant Prices,106711.11
628,India,35,Andaman And Nicobar Islands,2014,"Financial Year (Apr - Mar), 2014",2011-12,Current Prices,126344.00
629,India,35,Andaman And Nicobar Islands,2015,"Financial Year (Apr - Mar), 2015",2011-12,Constant Prices,114660.18
630,India,35,Andaman And Nicobar Islands,2015,"Financial Year (Apr - Mar), 2015",2011-12,Current Prices,137064.00
631,India,35,Andaman And Nicobar Islands,2016,"Financial Year (Apr - Mar), 2016",2011-12,Constant Prices,129532.24
632,India,35,Andaman And Nicobar Islands,2016,"Financial Year (Apr - Mar), 2016",2011-12,Current Prices,153904.00
633,India,35,Andaman And Nicobar Islands,2017,"Financial Year (Apr - Mar), 2017",2011-12,Constant Prices,145561.66
634,India,35,Andaman And Nicobar Islands,2017,"Financial Year (Apr - Mar), 2017",2011-12,Current Prices,178709.00
635,India,35,Andaman And Nicobar Islands,2018,"Financial Year (Apr - Mar), 2018",2011-12,Constant Prices,154233.06
636,India,35,Andaman And Nicobar Islands,2018,"Financial Year (Apr - Mar), 2018",2011-12,Current Prices,204254.00
637,India,35,Andaman And Nicobar Islands,2019,"Financial Year (Apr - Mar), 2019",2011-12,Constant Prices,159883.87
638,India,35,Andaman And Nicobar Islands,2019,"Financial Year (Apr - Mar), 2019",2011-12,Current Prices,218649.00
639,India,35,Andaman And Nicobar Islands,2020,"Financial Year (Apr - Mar), 2020",2011-12,Constant Prices,
640,India,35,Andaman And Nicobar Islands,2020,"Financial Year (Apr - Mar), 2020",2011-12,Current Prices,
641,India,36,Telangana,2011,"Financial Year (Apr - Mar), 2011",2011-12,Constant Prices,91121.39
642,India,36,Telangana,2011,"Financial Year (Apr - Mar), 2011",2011-12,Current Prices,91121.39
643,India,36,Telangana,2012,"Financial Year (Apr - Mar), 2012",2011-12,Constant Prices,92731.61
644,India,36,Telangana,2012,"Financial Year (Apr - Mar), 2012",2011-12,Current Prices,101007.16
645,India,36,Telangana,2013,"Financial Year (Apr - Mar), 2013",2011-12,Constant Prices,96039.30
646,India,36,Telangana,2013,"Financial Year (Apr - Mar), 2013",2011-12,Current Prices,112162.22
647,India,36,Telangana,2014,"Financial Year (Apr - Mar), 2014",2011-12,Constant Prices,101424.34
648,India,36,Telangana,2014,"Financial Year (Apr - Mar), 2014",2011-12,Current Prices,124103.78
649,India,36,Telangana,2015,"Financial Year (Apr - Mar), 2015",2011-12,Constant Prices,112267.03
650,India,36,Telangana,2015,"Financial Year (Apr - Mar), 2015",2011-12,Current Prices,140839.76
651,India,36,Telangana,2016,"Financial Year (Apr - Mar), 2016",2011-12,Constant Prices,121512.09
652,India,36,Telangana,2016,"Financial Year (Apr - Mar), 2016",2011-12,Current Prices,159395.24
653,India,36,Telangana,2017,"Financial Year (Apr - Mar), 2017",2011-12,Constant Prices,131502.72
654,India,36,Telangana,2017,"Financial Year (Apr - Mar), 2017",2011-12,Current Prices,179358.33
655,India,36,Telangana,2018,"Financial Year (Apr - Mar), 2018",2011-12,Constant Prices,147787.10
656,India,36,Telangana,2018,"Financial Year (Apr - Mar), 2018",2011-12,Current Prices,210562.99
657,India,36,Telangana,2019,"Financial Year (Apr - Mar), 2019",2011-12,Constant Prices,155220.77
658,India,36,Telangana,2019,"Financial Year (Apr - Mar), 2019",2011-12,Current Prices,233324.53
659,India,36,Telangana,2020,"Financial Year (Apr - Mar), 2020",2011-12,Constant Prices,153297.89
660,India,36,Telangana,2020,"Financial Year (Apr - Mar), 2020",2011-12,Current Prices,237632.04
661,India,37,Ladakh,2011,"Financial Year (Apr - Mar), 2011",2011-12,Constant Prices,1162.9322033238654167569197
662,India,37,Ladakh,2011,"Financial Year (Apr - Mar), 2011",2011-12,Current Prices,1162.9322033238654167569197
663,India,37,Ladakh,2012,"Financial Year (Apr - Mar), 2012",2011-12,Constant Prices,1146.1649121885431033333052
664,India,37,Ladakh,2012,"Financial Year (Apr - Mar), 2012",2011-12,Current Prices,1242.8857073691391849768920
665,India,37,Ladakh,2013,"Financial Year (Apr - Mar), 2013",2011-12,Constant Prices,1182.9451293701403569490262
666,India,37,Ladakh,2013,"Financial Year (Apr - Mar), 2013",2011-12,Current Prices,1336.4940611469207901014485
667,India,37,Ladakh,2014,"Financial Year (Apr - Mar), 2014",2011-12,Constant Prices,1109.3816330872185359187460
668,India,37,Ladakh,2014,"Financial Year (Apr - Mar), 2014",2011-12,Current Prices,1338.7318870504832750809101
669,India,37,Ladakh,2015,"Financial Year (Apr - Mar), 2015",2011-12,Constant Prices,1311.5405089120730844982750
670,India,37,Ladakh,2015,"Financial Year (Apr - Mar), 2015",2011-12,Current Prices,1601.2838488683232409594646
671,India,37,Ladakh,2016,"Financial Year (Apr - Mar), 2016",2011-12,Constant Prices,1324.4276916272329618369962
672,India,37,Ladakh,2016,"Financial Year (Apr - Mar), 2016",2011-12,Current Prices,1676.0502421869754829618948
673,India,37,Ladakh,2017,"Financial Year (Apr - Mar), 2017",2011-12,Constant Prices,1382.1345991851563736123951
674,India,37,Ladakh,2017,"Financial Year (Apr - Mar), 2017",2011-12,Current Prices,1847.4446982601965887002406
675,India,37,Ladakh,2018,"Financial Year (Apr - Mar), 2018",2011-12,Constant Prices,1480.5805674235418299156763
676,India,37,Ladakh,2018,"Financial Year (Apr - Mar), 2018",2011-12,Current Prices,2087.5271995762481437759270
677,India,37,Ladakh,2019,"Financial Year (Apr - Mar), 2019",2011-12,Constant Prices,1534.8185386389706585930259
678,India,37,Ladakh,2019,"Financial Year (Apr - Mar), 2019",2011-12,Current Prices,2248.0769921009796269862623
679,India,37,Ladakh,2020,"Financial Year (Apr - Mar), 2020",2011-12,Constant Prices,1521.7476407401719533240127
680,India,37,Ladakh,2020,"Financial Year (Apr - Mar), 2020",2011-12,Current Prices,2293.3879363514250751508398
